,hero_id,power_id
0,1,1
1,1,18
2,1,26
3,1,31
4,2,2
5,2,6
6,2,16
7,2,18
8,2,26
9,2,51
10,2,64
11,3,1
12,3,2
13,3,5
14,3,6
15,3,11
16,3,12
17,3,13
18,3,16
19,3,17
20,3,18
21,3,20
22,3,26
23,3,50
24,3,60
25,3,88
26,3,136
27,4,3
28,5,2
29,5,17
30,5,18
31,5,26
32,5,31
33,5,61
34,5,76
35,5,142
36,6,4
37,6,9
38,6,17
39,6,18
40,6,24
41,6,31
42,6,38
43,6,42
44,6,46
45,6,50
46,6,61
47,6,89
48,6,103
49,6,115
50,7,5
51,7,6
52,7,8
53,7,18
54,7,61
55,7,72
56,7,79
57,7,86
58,7,89
59,7,104
60,8,2
61,8,50
62,8,97
63,9,6
64,9,7
65,9,9
66,9,12
67,9,13
68,9,17
69,9,31
70,9,79
71,9,88
72,9,93
73,11,7
74,12,8
75,12,16
76,12,18
77,12,22
78,12,41
79,12,93
80,13,9
81,13,18
82,13,31
83,13,64
84,13,89
85,13,115
86,14,1
87,14,18
88,14,31
89,14,90
90,14,93
91,15,9
92,15,10
93,15,17
94,15,20
95,15,22
96,15,31
97,15,38
98,15,41
99,15,53
100,15,63
101,15,84
102,15,103
103,15,135
104,16,1
105,16,2
106,16,7
107,16,8
108,16,10
109,16,12
110,16,13
111,16,16
112,16,18
113,16,22
114,16,26
115,16,31
116,16,39
117,16,44
118,16,48
119,16,50
120,16,61
121,16,70
122,16,71
123,16,81
124,16,86
125,16,91
126,16,92
127,16,105
128,16,143
129,17,11
130,19,1
131,19,5
132,19,6
133,19,7
134,19,18
135,19,31
136,19,39
137,19,44
138,19,71
139,19,86
140,19,104
141,19,105
142,19,143
143,20,12
144,21,1
145,21,3
146,21,6
147,21,9
148,21,11
149,21,12
150,21,14
151,21,16
152,21,17
153,21,18
154,21,19
155,21,20
156,21,22
157,21,23
158,21,24
159,21,26
160,21,31
161,21,34
162,21,38
163,21,39
164,21,44
165,21,48
166,21,51
167,21,53
168,21,56
169,21,59
170,21,60
171,21,61
172,21,62
173,21,63
174,21,80
175,21,81
176,21,106
177,21,107
178,21,117
179,21,119
180,21,127
181,21,135
182,21,139
183,21,142
184,21,144
185,22,13
186,23,14
187,24,1
188,24,2
189,24,6
190,24,7
191,24,9
192,24,16
193,24,18
194,24,26
195,24,31
196,24,39
197,24,42
198,24,50
199,24,59
200,24,69
201,24,81
202,24,92
203,24,119
204,24,120
205,25,1
206,25,2
207,25,6
208,25,7
209,25,9
210,25,16
211,25,18
212,25,26
213,25,31
214,25,39
215,25,42
216,25,50
217,25,59
218,25,69
219,25,81
220,25,92
221,25,119
222,25,120
223,26,1
224,26,18
225,26,26
226,26,31
227,27,9
228,27,15
229,27,33
230,27,97
231,27,101
232,28,16
233,29,15
234,29,20
235,29,22
236,29,33
237,29,66
238,30,1
239,30,6
240,30,9
241,30,18
242,30,26
243,30,31
244,30,60
245,31,17
246,31,24
247,32,1
248,32,7
249,32,17
250,32,18
251,32,20
252,32,24
253,32,26
254,32,33
255,32,85
256,33,2
257,33,4
258,33,6
259,33,8
260,33,9
261,33,14
262,33,17
263,33,18
264,33,20
265,33,22
266,33,24
267,33,36
268,33,38
269,33,41
270,33,50
271,33,61
272,33,62
273,33,89
274,33,93
275,33,106
276,33,132
277,34,6
278,34,18
279,34,22
280,34,26
281,34,38
282,34,103
283,35,2
284,35,6
285,35,10
286,35,18
287,35,26
288,35,39
289,35,48
290,35,51
291,35,60
292,35,70
293,35,120
294,35,143
295,36,1
296,36,2
297,36,8
298,36,9
299,36,14
300,36,16
301,36,18
302,36,20
303,36,22
304,36,24
305,36,26
306,36,31
307,36,38
308,36,40
309,36,48
310,36,50
311,36,60
312,36,61
313,36,63
314,36,86
315,36,89
316,36,100
317,36,116
318,37,11
319,37,18
320,37,117
321,38,6
322,38,11
323,38,18
324,38,19
325,38,20
326,38,26
327,38,31
328,38,41
329,38,42
330,38,81
331,38,90
332,38,117
333,38,144
334,39,1
335,39,2
336,39,5
337,39,6
338,39,7
339,39,11
340,39,16
341,39,17
342,39,18
343,39,20
344,39,26
345,39,31
346,39,39
347,39,60
348,39,61
349,39,81
350,39,85
351,39,88
352,39,104
353,39,107
354,39,117
355,39,130
356,39,136
357,39,144
358,40,1
359,40,2
360,40,6
361,40,18
362,40,26
363,40,31
364,40,60
365,40,69
366,40,120
367,40,133
368,40,143
369,41,1
370,41,2
371,41,6
372,41,9
373,41,18
374,41,26
375,41,92
376,41,119
377,42,6
378,42,18
379,42,26
380,42,75
381,43,1
382,43,2
383,43,5
384,43,6
385,43,9
386,43,18
387,43,22
388,43,31
389,43,39
390,43,60
391,43,61
392,43,64
393,43,66
394,43,89
395,43,103
396,43,104
397,43,115
398,44,1
399,44,2
400,44,6
401,44,18
402,44,26
403,44,31
404,44,50
405,44,60
406,45,1
407,45,2
408,45,6
409,45,18
410,45,26
411,45,31
412,45,50
413,45,60
414,46,20
415,46,38
416,47,18
417,47,21
418,47,69
419,49,9
420,49,18
421,49,22
422,49,31
423,49,34
424,49,81
425,49,119
426,49,125
427,50,6
428,50,7
429,50,17
430,50,18
431,50,24
432,50,26
433,50,31
434,50,50
435,50,60
436,50,61
437,50,64
438,51,6
439,51,7
440,51,17
441,51,18
442,51,24
443,51,26
444,51,31
445,51,50
446,51,60
447,51,61
448,51,64
449,52,6
450,52,7
451,52,17
452,52,18
453,52,24
454,52,26
455,52,31
456,52,50
457,52,60
458,52,61
459,52,64
460,53,6
461,53,7
462,53,17
463,53,18
464,53,24
465,53,26
466,53,31
467,53,50
468,53,60
469,53,61
470,53,64
471,54,16
472,54,18
473,54,23
474,54,26
475,54,31
476,54,118
477,55,24
478,56,9
479,56,18
480,56,24
481,56,25
482,56,92
483,57,24
484,58,17
485,59,2
486,59,6
487,59,9
488,59,22
489,59,31
490,59,60
491,59,89
492,59,98
493,59,111
494,59,124
495,60,2
496,60,16
497,60,38
498,60,46
499,60,48
500,60,97
501,61,13
502,61,18
503,61,26
504,61,31
505,61,34
506,62,9
507,62,18
508,62,20
509,62,26
510,62,27
511,62,31
512,62,38
513,62,42
514,62,61
515,62,77
516,62,87
517,62,108
518,62,135
519,63,9
520,63,18
521,63,31
522,63,61
523,64,6
524,64,18
525,64,26
526,64,31
527,64,59
528,64,60
529,65,9
530,65,28
531,65,63
532,65,81
533,65,130
534,65,131
535,66,6
536,66,18
537,66,26
538,67,7
539,67,12
540,67,13
541,67,17
542,67,26
543,67,34
544,67,60
545,70,1
546,70,7
547,70,13
548,70,49
549,70,120
550,72,1
551,72,12
552,72,26
553,72,34
554,73,1
555,73,6
556,73,7
557,73,11
558,73,12
559,73,13
560,73,17
561,73,18
562,73,26
563,73,31
564,73,34
565,73,49
566,73,60
567,73,92
568,73,93
569,73,144
570,73,145
571,74,1
572,74,7
573,74,12
574,74,13
575,74,17
576,74,26
577,74,34
578,74,49
579,76,1
580,76,6
581,76,18
582,76,26
583,76,31
584,76,60
585,77,7
586,77,12
587,77,13
588,77,17
589,77,26
590,77,29
591,78,9
592,78,92
593,78,119
594,79,1
595,79,2
596,79,15
597,79,17
598,79,18
599,79,26
600,79,29
601,79,31
602,79,39
603,79,44
604,79,60
605,79,105
606,79,143
607,79,144
608,80,1
609,80,6
610,80,9
611,80,15
612,80,18
613,80,24
614,80,31
615,80,33
616,80,48
617,80,66
618,80,86
619,80,105
620,80,136
621,80,143
622,82,30
623,82,48
624,83,2
625,83,18
626,83,26
627,83,31
628,83,50
629,83,61
630,83,120
631,84,2
632,84,4
633,84,8
634,84,9
635,84,18
636,84,20
637,84,22
638,84,24
639,84,31
640,84,38
641,84,40
642,84,48
643,84,50
644,84,61
645,84,63
646,84,69
647,84,103
648,84,112
649,86,1
650,86,6
651,86,9
652,86,16
653,86,18
654,86,26
655,86,50
656,86,60
657,86,61
658,86,120
659,87,26
660,88,12
661,89,18
662,89,31
663,89,120
664,90,32
665,91,6
666,91,8
667,91,9
668,91,18
669,91,22
670,91,31
671,92,1
672,92,6
673,92,18
674,92,26
675,92,31
676,92,44
677,92,81
678,93,9
679,93,15
680,93,105
681,94,9
682,94,18
683,94,33
684,94,105
685,95,9
686,95,93
687,96,1
688,96,8
689,96,9
690,96,16
691,96,17
692,96,18
693,96,22
694,96,26
695,96,50
696,96,63
697,97,2
698,97,8
699,97,18
700,97,22
701,97,26
702,97,61
703,97,106
704,97,122
705,98,1
706,98,2
707,98,6
708,98,8
709,98,9
710,98,12
711,98,16
712,98,18
713,98,19
714,98,26
715,98,31
716,98,39
717,98,44
718,98,61
719,98,64
720,98,81
721,98,84
722,98,88
723,98,119
724,98,139
725,98,142
726,99,20
727,99,22
728,99,40
729,99,78
730,99,94
731,100,2
732,100,9
733,100,16
734,100,17
735,100,18
736,100,22
737,100,26
738,100,31
739,100,40
740,100,42
741,100,45
742,100,61
743,100,64
744,100,81
745,101,1
746,101,6
747,101,8
748,101,9
749,101,16
750,101,18
751,101,20
752,101,22
753,101,26
754,101,31
755,101,60
756,101,89
757,101,131
758,102,1
759,102,7
760,102,12
761,102,13
762,102,17
763,102,26
764,102,28
765,102,60
766,102,131
767,104,1
768,104,18
769,104,26
770,104,31
771,104,60
772,104,95
773,104,145
774,105,1
775,105,7
776,105,9
777,105,18
778,105,26
779,105,31
780,105,37
781,105,39
782,105,46
783,105,50
784,105,87
785,105,105
786,105,132
787,107,34
788,108,8
789,108,9
790,108,22
791,108,35
792,108,49
793,108,63
794,108,103
795,109,36
796,109,84
797,109,108
798,110,1
799,110,5
800,110,6
801,110,7
802,110,11
803,110,12
804,110,13
805,110,18
806,110,22
807,110,26
808,110,31
809,110,44
810,110,49
811,110,51
812,110,93
813,110,119
814,110,136
815,110,145
816,111,1
817,111,7
818,111,12
819,111,13
820,111,26
821,111,39
822,111,49
823,111,59
824,111,60
825,111,81
826,111,107
827,111,119
828,111,144
829,112,1
830,112,7
831,112,12
832,112,13
833,112,16
834,112,17
835,112,26
836,112,49
837,112,60
838,114,1
839,114,2
840,114,6
841,114,18
842,114,26
843,114,31
844,114,51
845,114,60
846,114,119
847,114,144
848,115,9
849,115,20
850,116,6
851,116,18
852,116,22
853,116,37
854,117,1
855,117,2
856,117,13
857,117,18
858,117,26
859,117,31
860,117,39
861,117,81
862,117,107
863,117,119
864,117,144
865,119,6
866,119,86
867,119,105
868,120,38
869,121,19
870,121,34
871,122,19
872,123,6
873,123,18
874,123,96
875,124,1
876,124,6
877,124,18
878,124,19
879,124,22
880,124,26
881,124,31
882,124,34
883,124,38
884,124,56
885,124,60
886,124,61
887,124,127
888,125,9
889,125,39
890,125,48
891,125,97
892,125,105
893,125,118
894,125,120
895,126,8
896,126,13
897,126,18
898,126,22
899,126,34
900,126,38
901,126,40
902,126,42
903,126,61
904,127,9
905,127,18
906,127,22
907,128,17
908,129,1
909,129,2
910,129,5
911,129,9
912,129,18
913,129,22
914,129,63
915,129,73
916,129,93
917,129,103
918,129,104
919,130,1
920,130,7
921,130,9
922,130,12
923,130,13
924,130,17
925,130,26
926,130,81
927,130,88
928,130,93
929,132,2
930,132,22
931,133,1
932,133,8
933,133,22
934,133,41
935,133,69
936,133,103
937,135,1
938,135,6
939,135,9
940,135,13
941,135,16
942,135,17
943,135,18
944,135,22
945,135,39
946,135,61
947,135,63
948,135,77
949,135,81
950,135,93
951,135,106
952,135,132
953,135,145
954,138,40
955,139,6
956,139,9
957,139,16
958,139,17
959,139,18
960,139,20
961,139,31
962,139,40
963,139,63
964,139,64
965,139,125
966,140,17
967,140,41
968,140,63
969,141,42
970,143,1
971,143,7
972,143,18
973,143,26
974,143,101
975,143,143
976,144,1
977,144,2
978,144,6
979,144,7
980,144,10
981,144,18
982,144,26
983,144,31
984,144,59
985,144,60
986,144,69
987,144,119
988,145,6
989,145,12
990,145,13
991,146,7
992,146,9
993,146,17
994,146,18
995,146,22
996,146,24
997,146,26
998,146,35
999,146,88
1000,146,93
1001,147,9
1002,147,20
1003,148,1
1004,148,13
1005,149,1
1006,149,2
1007,149,6
1008,149,7
1009,149,9
1010,149,12
1011,149,13
1012,149,17
1013,149,18
1014,149,20
1015,149,22
1016,149,26
1017,149,29
1018,149,31
1019,149,38
1020,149,40
1021,149,54
1022,149,63
1023,149,69
1024,149,73
1025,149,77
1026,149,78
1027,149,89
1028,149,94
1029,149,106
1030,149,108
1031,149,113
1032,149,123
1033,149,128
1034,150,1
1035,150,2
1036,150,18
1037,150,39
1038,150,60
1039,150,143
1040,150,144
1041,151,12
1042,151,43
1043,151,121
1044,152,8
1045,152,9
1046,152,21
1047,152,31
1048,152,50
1049,153,1
1050,153,6
1051,153,7
1052,153,12
1053,153,13
1054,153,16
1055,153,26
1056,153,34
1057,153,49
1058,153,60
1059,154,1
1060,154,2
1061,154,8
1062,154,9
1063,154,13
1064,154,18
1065,154,22
1066,154,31
1067,154,39
1068,154,50
1069,154,53
1070,154,61
1071,154,63
1072,154,64
1073,154,68
1074,154,73
1075,154,86
1076,154,88
1077,154,89
1078,154,90
1079,154,103
1080,154,106
1081,154,118
1082,154,122
1083,154,132
1084,154,135
1085,154,137
1086,155,1
1087,155,6
1088,155,7
1089,155,9
1090,155,18
1091,155,26
1092,155,31
1093,155,39
1094,155,60
1095,155,63
1096,156,19
1097,156,34
1098,157,18
1099,157,31
1100,157,44
1101,158,9
1102,158,31
1103,158,39
1104,160,1
1105,160,2
1106,160,5
1107,160,6
1108,160,8
1109,160,9
1110,160,10
1111,160,12
1112,160,16
1113,160,17
1114,160,18
1115,160,22
1116,160,26
1117,160,31
1118,160,38
1119,160,42
1120,160,45
1121,160,50
1122,160,59
1123,160,60
1124,160,61
1125,160,62
1126,160,64
1127,160,77
1128,160,81
1129,160,84
1130,160,100
1131,160,103
1132,160,104
1133,160,120
1134,160,125
1135,160,134
1136,160,142
1137,161,1
1138,161,2
1139,161,5
1140,161,6
1141,161,8
1142,161,9
1143,161,10
1144,161,12
1145,161,16
1146,161,17
1147,161,18
1148,161,22
1149,161,26
1150,161,31
1151,161,38
1152,161,42
1153,161,45
1154,161,50
1155,161,59
1156,161,60
1157,161,61
1158,161,62
1159,161,64
1160,161,77
1161,161,81
1162,161,84
1163,161,100
1164,161,103
1165,161,104
1166,161,120
1167,161,125
1168,161,134
1169,161,142
1170,162,17
1171,162,18
1172,162,45
1173,162,61
1174,162,84
1175,162,125
1176,163,7
1177,163,9
1178,163,12
1179,163,17
1180,164,9
1181,164,18
1182,164,19
1183,164,20
1184,164,22
1185,164,26
1186,164,31
1187,164,35
1188,164,39
1189,164,40
1190,164,48
1191,164,50
1192,164,52
1193,164,56
1194,164,61
1195,164,66
1196,164,72
1197,164,81
1198,164,88
1199,164,89
1200,164,107
1201,164,117
1202,164,129
1203,164,136
1204,164,142
1205,165,5
1206,165,9
1207,165,14
1208,165,22
1209,165,39
1210,165,89
1211,165,103
1212,165,104
1213,166,1
1214,166,2
1215,166,6
1216,166,10
1217,166,18
1218,166,26
1219,166,31
1220,166,34
1221,166,44
1222,166,48
1223,166,51
1224,166,60
1225,166,105
1226,166,143
1227,167,1
1228,167,18
1229,167,26
1230,167,39
1231,167,44
1232,169,1
1233,169,7
1234,169,12
1235,169,15
1236,169,26
1237,169,29
1238,169,49
1239,169,66
1240,171,38
1241,171,46
1242,171,97
1243,172,47
1244,173,20
1245,173,41
1246,173,69
1247,173,94
1248,174,48
1249,175,48
1250,176,20
1251,176,40
1252,176,48
1253,177,1
1254,177,7
1255,177,26
1256,177,33
1257,177,60
1258,178,1
1259,178,18
1260,178,26
1261,178,31
1262,178,33
1263,178,60
1264,179,1
1265,179,6
1266,179,7
1267,179,15
1268,179,17
1269,179,18
1270,179,26
1271,179,31
1272,179,33
1273,179,39
1274,179,44
1275,179,48
1276,179,60
1277,179,81
1278,179,85
1279,179,88
1280,179,107
1281,179,144
1282,181,1
1283,181,18
1284,181,22
1285,181,26
1286,181,38
1287,181,41
1288,181,56
1289,181,60
1290,181,95
1291,181,104
1292,181,123
1293,182,49
1294,183,1
1295,183,6
1296,183,18
1297,183,31
1298,183,44
1299,183,60
1300,183,86
1301,184,2
1302,184,97
1303,186,4
1304,186,36
1305,186,38
1306,186,63
1307,186,87
1308,188,50
1309,188,61
1310,191,5
1311,191,6
1312,191,18
1313,191,26
1314,191,31
1315,191,61
1316,191,64
1317,191,86
1318,191,104
1319,192,7
1320,192,13
1321,192,48
1322,192,51
1323,192,80
1324,194,18
1325,195,9
1326,195,16
1327,195,63
1328,195,96
1329,196,6
1330,196,9
1331,196,18
1332,196,22
1333,197,18
1334,197,26
1335,197,31
1336,197,52
1337,197,56
1338,197,60
1339,197,117
1340,197,141
1341,198,17
1342,198,22
1343,198,42
1344,199,15
1345,199,18
1346,199,26
1347,199,29
1348,199,31
1349,199,39
1350,199,73
1351,200,6
1352,200,9
1353,200,18
1354,200,26
1355,200,31
1356,200,34
1357,200,39
1358,200,73
1359,200,81
1360,200,86
1361,200,93
1362,201,6
1363,201,8
1364,201,9
1365,201,18
1366,201,26
1367,201,31
1368,201,50
1369,201,61
1370,201,62
1371,201,73
1372,201,81
1373,201,89
1374,201,103
1375,201,119
1376,201,139
1377,201,144
1378,202,1
1379,202,8
1380,202,12
1381,202,17
1382,202,22
1383,202,41
1384,202,122
1385,204,22
1386,204,98
1387,204,105
1388,206,20
1389,207,1
1390,207,7
1391,207,12
1392,207,13
1393,207,17
1394,207,20
1395,207,26
1396,207,39
1397,207,60
1398,207,81
1399,207,99
1400,207,107
1401,207,133
1402,208,6
1403,208,9
1404,208,22
1405,208,34
1406,208,63
1407,208,93
1408,208,119
1409,208,145
1410,209,6
1411,209,17
1412,209,18
1413,210,1
1414,210,2
1415,210,4
1416,210,9
1417,210,12
1418,210,17
1419,210,18
1420,210,20
1421,210,22
1422,210,24
1423,210,26
1424,210,31
1425,210,38
1426,210,40
1427,210,41
1428,210,46
1429,210,50
1430,210,54
1431,210,60
1432,210,61
1433,210,63
1434,210,69
1435,210,78
1436,210,89
1437,210,100
1438,210,103
1439,210,120
1440,212,9
1441,212,22
1442,212,38
1443,212,62
1444,212,103
1445,213,1
1446,213,6
1447,213,7
1448,213,10
1449,213,12
1450,213,13
1451,213,18
1452,213,20
1453,213,26
1454,213,35
1455,213,36
1456,213,40
1457,213,108
1458,214,1
1459,214,2
1460,214,6
1461,214,7
1462,214,10
1463,214,12
1464,214,13
1465,214,17
1466,214,20
1467,214,22
1468,214,31
1469,214,35
1470,214,39
1471,214,40
1472,214,44
1473,214,54
1474,214,60
1475,214,63
1476,214,69
1477,214,77
1478,214,81
1479,214,84
1480,214,98
1481,214,108
1482,214,113
1483,215,1
1484,215,26
1485,215,31
1486,215,60
1487,216,1
1488,216,5
1489,216,6
1490,216,16
1491,216,17
1492,216,18
1493,216,31
1494,216,39
1495,216,59
1496,216,60
1497,216,73
1498,216,81
1499,216,88
1500,216,104
1501,216,107
1502,216,125
1503,217,1
1504,217,8
1505,217,12
1506,217,22
1507,217,26
1508,217,28
1509,217,41
1510,217,62
1511,217,63
1512,217,90
1513,217,98
1514,217,100
1515,217,103
1516,217,108
1517,218,1
1518,218,3
1519,218,9
1520,218,26
1521,218,32
1522,218,38
1523,218,42
1524,218,50
1525,218,53
1526,218,87
1527,218,100
1528,218,135
1529,219,1
1530,219,2
1531,219,4
1532,219,7
1533,219,12
1534,219,13
1535,219,16
1536,219,26
1537,219,34
1538,219,38
1539,219,50
1540,219,60
1541,219,97
1542,219,120
1543,219,123
1544,219,128
1545,220,7
1546,220,12
1547,220,13
1548,220,26
1549,221,1
1550,221,6
1551,221,17
1552,221,18
1553,221,26
1554,221,31
1555,221,59
1556,221,60
1557,221,119
1558,221,139
1559,221,145
1560,222,1
1561,222,2
1562,222,6
1563,222,13
1564,222,16
1565,222,18
1566,222,31
1567,222,34
1568,222,39
1569,222,60
1570,222,120
1571,223,1
1572,223,18
1573,223,20
1574,223,26
1575,223,31
1576,223,42
1577,223,60
1578,223,105
1579,224,18
1580,224,22
1581,224,24
1582,224,89
1583,224,100
1584,225,12
1585,225,13
1586,226,53
1587,227,6
1588,227,18
1589,227,26
1590,228,6
1591,228,9
1592,228,18
1593,228,22
1594,228,26
1595,228,27
1596,228,31
1597,228,34
1598,228,35
1599,228,38
1600,228,42
1601,228,46
1602,228,58
1603,228,63
1604,228,106
1605,229,9
1606,229,18
1607,229,22
1608,229,63
1609,229,69
1610,230,2
1611,230,4
1612,230,9
1613,230,16
1614,230,18
1615,230,20
1616,230,22
1617,230,31
1618,230,38
1619,230,40
1620,230,46
1621,230,53
1622,230,54
1623,230,62
1624,230,78
1625,230,89
1626,230,108
1627,230,122
1628,230,127
1629,230,132
1630,230,135
1631,231,1
1632,231,12
1633,231,17
1634,231,18
1635,231,26
1636,231,31
1637,231,34
1638,231,73
1639,231,93
1640,231,143
1641,232,4
1642,232,9
1643,232,16
1644,232,20
1645,232,22
1646,232,38
1647,232,40
1648,232,42
1649,232,46
1650,232,53
1651,232,54
1652,232,58
1653,232,63
1654,232,84
1655,232,87
1656,232,102
1657,232,106
1658,232,108
1659,232,132
1660,232,135
1661,233,1
1662,233,12
1663,233,60
1664,233,95
1665,234,1
1666,234,2
1667,234,7
1668,234,12
1669,234,13
1670,234,26
1671,234,44
1672,234,86
1673,234,136
1674,235,9
1675,235,18
1676,235,31
1677,236,1
1678,236,2
1679,236,5
1680,236,6
1681,236,8
1682,236,18
1683,236,26
1684,236,31
1685,236,44
1686,236,60
1687,236,61
1688,236,64
1689,236,80
1690,236,86
1691,236,91
1692,236,97
1693,236,104
1694,236,105
1695,236,122
1696,237,1
1697,237,2
1698,237,18
1699,237,26
1700,237,31
1701,237,48
1702,237,60
1703,237,105
1704,237,143
1705,238,14
1706,238,18
1707,238,20
1708,238,24
1709,238,26
1710,238,31
1711,238,36
1712,238,38
1713,238,42
1714,238,46
1715,238,48
1716,238,50
1717,238,89
1718,239,2
1719,239,6
1720,239,8
1721,239,9
1722,239,16
1723,239,17
1724,239,18
1725,239,22
1726,239,23
1727,239,24
1728,239,25
1729,239,31
1730,239,38
1731,239,40
1732,239,50
1733,239,53
1734,239,61
1735,239,62
1736,239,63
1737,239,64
1738,239,77
1739,239,87
1740,239,89
1741,239,103
1742,239,106
1743,239,125
1744,239,132
1745,240,1
1746,240,2
1747,240,5
1748,240,6
1749,240,13
1750,240,18
1751,240,26
1752,240,39
1753,240,64
1754,240,104
1755,240,107
1756,241,8
1757,241,18
1758,241,31
1759,242,1
1760,242,6
1761,242,18
1762,242,24
1763,242,48
1764,242,61
1765,242,70
1766,243,31
1767,243,35
1768,243,55
1769,244,1
1770,244,7
1771,244,10
1772,244,12
1773,244,13
1774,244,17
1775,244,20
1776,244,49
1777,244,84
1778,244,123
1779,245,35
1780,246,1
1781,246,6
1782,246,24
1783,246,48
1784,246,70
1785,247,6
1786,247,18
1787,247,20
1788,247,25
1789,247,26
1790,247,32
1791,247,51
1792,247,54
1793,247,69
1794,247,78
1795,247,86
1796,247,108
1797,247,123
1798,247,128
1799,248,2
1800,248,6
1801,248,9
1802,248,18
1803,248,38
1804,248,39
1805,248,42
1806,248,52
1807,248,53
1808,248,56
1809,248,60
1810,248,62
1811,248,87
1812,248,108
1813,249,9
1814,249,35
1815,249,103
1816,251,1
1817,251,6
1818,251,7
1819,251,12
1820,251,13
1821,251,17
1822,251,26
1823,251,60
1824,252,2
1825,252,6
1826,252,18
1827,252,22
1828,252,39
1829,252,42
1830,252,44
1831,252,50
1832,252,77
1833,252,105
1834,253,1
1835,253,2
1836,253,4
1837,253,7
1838,253,12
1839,253,13
1840,253,16
1841,253,26
1842,253,34
1843,253,38
1844,253,50
1845,253,60
1846,253,97
1847,253,120
1848,253,123
1849,253,128
1850,254,2
1851,254,6
1852,254,9
1853,254,18
1854,254,22
1855,254,34
1856,254,63
1857,254,93
1858,254,119
1859,254,145
1860,255,2
1861,255,9
1862,255,20
1863,255,22
1864,255,38
1865,255,40
1866,255,54
1867,255,69
1868,255,94
1869,255,97
1870,255,108
1871,256,14
1872,257,9
1873,257,20
1874,257,33
1875,257,92
1876,258,2
1877,258,6
1878,258,8
1879,258,9
1880,258,18
1881,258,20
1882,258,22
1883,258,24
1884,258,31
1885,258,36
1886,258,39
1887,258,53
1888,258,61
1889,258,64
1890,258,96
1891,258,103
1892,258,106
1893,258,108
1894,259,2
1895,259,6
1896,259,8
1897,259,9
1898,259,16
1899,259,17
1900,259,18
1901,259,26
1902,259,31
1903,259,39
1904,259,44
1905,259,61
1906,259,81
1907,259,84
1908,259,119
1909,259,139
1910,259,142
1911,260,1
1912,260,2
1913,260,18
1914,260,31
1915,260,33
1916,260,39
1917,260,44
1918,260,60
1919,260,105
1920,261,9
1921,261,18
1922,261,61
1923,262,2
1924,262,6
1925,262,9
1926,262,16
1927,262,18
1928,262,20
1929,262,26
1930,262,32
1931,262,48
1932,262,71
1933,263,9
1934,263,22
1935,263,50
1936,263,56
1937,263,79
1938,263,103
1939,263,104
1940,264,6
1941,264,9
1942,264,22
1943,264,56
1944,264,103
1945,264,104
1946,265,9
1947,265,22
1948,265,39
1949,265,90
1950,265,103
1951,265,122
1952,266,6
1953,266,8
1954,266,9
1955,266,18
1956,266,22
1957,266,25
1958,266,48
1959,266,53
1960,266,56
1961,266,59
1962,266,62
1963,266,64
1964,266,69
1965,266,89
1966,266,90
1967,266,97
1968,266,103
1969,266,104
1970,266,119
1971,266,139
1972,269,2
1973,269,8
1974,269,9
1975,269,16
1976,269,26
1977,269,31
1978,269,39
1979,269,53
1980,269,60
1981,269,62
1982,269,64
1983,270,12
1984,271,1
1985,271,2
1986,271,8
1987,271,9
1988,271,16
1989,271,22
1990,271,26
1991,271,31
1992,271,39
1993,271,53
1994,271,60
1995,271,62
1996,271,64
1997,271,106
1998,272,2
1999,272,9
2000,272,16
2001,272,18
2002,272,26
2003,272,31
2004,272,39
2005,272,46
2006,272,53
2007,272,60
2008,272,62
2009,272,64
2010,272,80
2011,272,106
2012,273,2
2013,273,31
2014,273,46
2015,273,59
2016,273,60
2017,273,62
2018,273,106
2019,274,17
2020,274,42
2021,275,1
2022,275,4
2023,275,6
2024,275,9
2025,275,16
2026,275,17
2027,275,18
2028,275,20
2029,275,22
2030,275,23
2031,275,26
2032,275,31
2033,275,38
2034,275,40
2035,275,50
2036,275,54
2037,275,61
2038,275,63
2039,275,76
2040,275,77
2041,275,89
2042,275,103
2043,275,106
2044,275,108
2045,275,112
2046,275,123
2047,275,132
2048,277,5
2049,277,18
2050,277,26
2051,277,61
2052,277,104
2053,278,18
2054,278,42
2055,279,2
2056,279,4
2057,279,6
2058,279,8
2059,279,9
2060,279,12
2061,279,16
2062,279,17
2063,279,18
2064,279,20
2065,279,22
2066,279,24
2067,279,26
2068,279,31
2069,279,38
2070,279,40
2071,279,41
2072,279,46
2073,279,50
2074,279,61
2075,279,63
2076,279,69
2077,279,89
2078,279,97
2079,279,100
2080,279,103
2081,279,115
2082,279,120
2083,279,126
2084,280,1
2085,280,40
2086,280,69
2087,280,103
2088,280,123
2089,281,1
2090,281,2
2091,281,6
2092,281,7
2093,281,12
2094,281,13
2095,281,17
2096,281,18
2097,281,26
2098,281,31
2099,281,39
2100,281,60
2101,281,123
2102,282,2
2103,283,17
2104,283,39
2105,284,2
2106,284,6
2107,284,8
2108,284,9
2109,284,16
2110,284,17
2111,284,18
2112,284,26
2113,284,31
2114,284,39
2115,284,44
2116,284,61
2117,284,81
2118,284,84
2119,284,119
2120,284,139
2121,284,142
2122,285,57
2123,285,69
2124,286,1
2125,286,2
2126,286,6
2127,286,12
2128,286,16
2129,286,18
2130,286,22
2131,286,26
2132,286,31
2133,286,34
2134,286,42
2135,286,48
2136,286,56
2137,286,61
2138,286,69
2139,286,79
2140,286,90
2141,286,104
2142,286,134
2143,287,6
2144,287,18
2145,287,56
2146,287,79
2147,287,104
2148,290,6
2149,290,17
2150,290,18
2151,290,24
2152,291,1
2153,291,2
2154,291,9
2155,291,16
2156,291,18
2157,291,26
2158,291,31
2159,291,60
2160,291,61
2161,291,81
2162,291,107
2163,291,123
2164,291,139
2165,291,142
2166,292,20
2167,292,40
2168,292,58
2169,293,1
2170,293,6
2171,293,8
2172,293,10
2173,293,16
2174,293,18
2175,293,22
2176,293,26
2177,293,41
2178,293,50
2179,293,61
2180,293,81
2181,293,86
2182,293,88
2183,293,104
2184,293,105
2185,293,107
2186,293,136
2187,294,1
2188,294,18
2189,294,105
2190,295,1
2191,295,2
2192,295,9
2193,295,10
2194,295,12
2195,295,13
2196,295,16
2197,295,18
2198,295,20
2199,295,22
2200,295,23
2201,295,26
2202,295,31
2203,295,35
2204,295,38
2205,295,44
2206,295,48
2207,295,50
2208,295,61
2209,295,62
2210,295,63
2211,295,100
2212,295,103
2213,295,107
2214,297,18
2215,297,24
2216,298,1
2217,298,6
2218,298,15
2219,298,17
2220,298,18
2221,298,20
2222,298,22
2223,298,40
2224,298,78
2225,298,81
2226,298,85
2227,298,89
2228,298,105
2229,299,6
2230,299,18
2231,300,9
2232,300,22
2233,300,63
2234,300,89
2235,300,96
2236,301,13
2237,302,1
2238,302,7
2239,302,12
2240,302,13
2241,302,26
2242,302,49
2243,303,1
2244,303,2
2245,303,6
2246,303,12
2247,303,17
2248,303,18
2249,303,26
2250,303,31
2251,303,60
2252,303,83
2253,304,2
2254,304,6
2255,304,17
2256,304,18
2257,304,26
2258,304,31
2259,304,60
2260,304,83
2261,305,6
2262,305,18
2263,306,6
2264,306,18
2265,312,6
2266,312,16
2267,312,17
2268,312,18
2269,312,23
2270,312,24
2271,312,26
2272,312,61
2273,312,79
2274,312,97
2275,312,129
2276,314,3
2277,314,6
2278,314,9
2279,314,12
2280,314,18
2281,314,22
2282,314,26
2283,314,31
2284,314,41
2285,314,60
2286,314,62
2287,314,63
2288,315,1
2289,315,3
2290,315,9
2291,315,12
2292,315,13
2293,315,18
2294,315,21
2295,315,22
2296,315,26
2297,315,31
2298,315,34
2299,315,41
2300,315,60
2301,315,62
2302,315,63
2303,316,1
2304,316,7
2305,316,12
2306,316,13
2307,316,26
2308,317,1
2309,317,2
2310,317,6
2311,317,9
2312,317,18
2313,317,26
2314,317,31
2315,317,50
2316,317,60
2317,317,61
2318,317,120
2319,318,1
2320,318,2
2321,318,7
2322,318,12
2323,318,17
2324,318,18
2325,318,26
2326,318,49
2327,318,60
2328,318,120
2329,319,1
2330,319,2
2331,319,7
2332,319,17
2333,319,20
2334,319,22
2335,319,26
2336,319,38
2337,319,40
2338,319,42
2339,319,48
2340,319,62
2341,319,63
2342,319,84
2343,319,85
2344,319,108
2345,319,135
2346,320,8
2347,320,9
2348,320,22
2349,320,93
2350,320,104
2351,320,118
2352,321,2
2353,321,9
2354,321,18
2355,321,26
2356,321,31
2357,321,61
2358,321,105
2359,322,1
2360,322,7
2361,322,12
2362,322,13
2363,322,26
2364,322,49
2365,323,13
2366,323,26
2367,323,59
2368,323,74
2369,324,2
2370,324,5
2371,324,6
2372,324,9
2373,324,18
2374,324,50
2375,324,60
2376,324,119
2377,325,33
2378,330,34
2379,331,1
2380,331,2
2381,331,6
2382,331,16
2383,331,18
2384,331,26
2385,331,31
2386,331,37
2387,331,38
2388,331,42
2389,331,54
2390,331,61
2391,331,81
2392,331,88
2393,331,108
2394,331,125
2395,332,2
2396,332,6
2397,332,13
2398,332,16
2399,332,18
2400,332,26
2401,332,39
2402,332,42
2403,332,61
2404,332,79
2405,332,88
2406,332,104
2407,333,1
2408,333,10
2409,333,17
2410,333,18
2411,333,49
2412,333,105
2413,333,134
2414,334,2
2415,334,9
2416,334,22
2417,334,38
2418,334,42
2419,334,56
2420,334,106
2421,335,2
2422,335,6
2423,335,16
2424,335,18
2425,335,26
2426,335,31
2427,335,50
2428,335,61
2429,336,38
2430,336,106
2431,337,1
2432,337,7
2433,337,17
2434,337,26
2435,337,34
2436,337,60
2437,338,18
2438,338,26
2439,338,31
2440,338,60
2441,339,6
2442,339,105
2443,339,123
2444,340,8
2445,340,20
2446,340,22
2447,340,40
2448,340,80
2449,340,86
2450,342,1
2451,342,2
2452,342,5
2453,342,6
2454,342,16
2455,342,18
2456,342,26
2457,342,31
2458,342,44
2459,342,60
2460,342,61
2461,342,64
2462,342,104
2463,342,118
2464,342,120
2465,342,128
2466,342,137
2467,342,142
2468,343,1
2469,343,8
2470,343,9
2471,343,12
2472,343,22
2473,343,31
2474,343,56
2475,343,79
2476,343,90
2477,343,104
2478,343,142
2479,344,12
2480,344,49
2481,345,6
2482,345,18
2483,345,25
2484,345,31
2485,345,48
2486,345,89
2487,346,1
2488,346,2
2489,346,6
2490,346,7
2491,346,9
2492,346,10
2493,346,12
2494,346,18
2495,346,26
2496,346,31
2497,346,44
2498,346,48
2499,346,51
2500,346,60
2501,346,71
2502,346,86
2503,346,92
2504,346,105
2505,346,143
2506,347,11
2507,347,24
2508,347,48
2509,347,61
2510,347,69
2511,347,105
2512,347,117
2513,348,1
2514,348,6
2515,348,9
2516,348,16
2517,348,17
2518,348,18
2519,348,26
2520,348,31
2521,348,39
2522,348,41
2523,348,61
2524,348,81
2525,348,88
2526,348,139
2527,348,142
2528,348,145
2529,349,1
2530,349,2
2531,349,5
2532,349,6
2533,349,12
2534,349,18
2535,349,19
2536,349,22
2537,349,23
2538,349,24
2539,349,26
2540,349,61
2541,349,72
2542,349,90
2543,349,117
2544,350,2
2545,350,9
2546,350,16
2547,350,26
2548,350,31
2549,350,39
2550,350,53
2551,350,59
2552,350,62
2553,350,81
2554,350,107
2555,350,133
2556,351,17
2557,351,26
2558,351,60
2559,352,3
2560,352,9
2561,352,17
2562,352,38
2563,352,62
2564,352,63
2565,353,2
2566,353,9
2567,353,18
2568,353,20
2569,353,101
2570,353,124
2571,354,7
2572,354,17
2573,354,62
2574,354,63
2575,354,69
2576,354,100
2577,354,135
2578,355,1
2579,355,2
2580,355,5
2581,355,6
2582,355,8
2583,355,10
2584,355,13
2585,355,16
2586,355,18
2587,355,22
2588,355,26
2589,355,31
2590,355,39
2591,355,49
2592,355,60
2593,355,66
2594,355,69
2595,355,104
2596,355,108
2597,355,120
2598,355,134
2599,356,2
2600,356,6
2601,356,8
2602,356,9
2603,356,11
2604,356,12
2605,356,18
2606,356,22
2607,356,26
2608,356,31
2609,356,34
2610,356,41
2611,356,60
2612,356,63
2613,356,93
2614,356,118
2615,356,119
2616,356,127
2617,356,135
2618,356,144
2619,357,6
2620,357,9
2621,357,17
2622,357,18
2623,357,41
2624,358,2
2625,358,6
2626,358,9
2627,358,17
2628,358,18
2629,358,26
2630,358,31
2631,358,40
2632,358,52
2633,358,129
2634,360,2
2635,360,5
2636,360,6
2637,360,9
2638,360,17
2639,360,18
2640,360,22
2641,360,26
2642,360,31
2643,360,104
2644,361,1
2645,361,9
2646,361,18
2647,361,25
2648,361,31
2649,361,38
2650,361,39
2651,361,40
2652,361,48
2653,361,53
2654,361,61
2655,361,71
2656,361,87
2657,361,89
2658,361,90
2659,361,100
2660,362,6
2661,362,7
2662,362,12
2663,362,13
2664,362,17
2665,362,26
2666,362,60
2667,364,7
2668,364,12
2669,364,13
2670,364,17
2671,364,26
2672,365,1
2673,365,7
2674,365,107
2675,365,136
2676,366,1
2677,366,6
2678,366,7
2679,366,12
2680,366,13
2681,366,17
2682,366,26
2683,366,60
2684,368,8
2685,368,20
2686,368,40
2687,368,54
2688,368,63
2689,368,69
2690,368,78
2691,368,94
2692,368,100
2693,368,103
2694,368,108
2695,368,123
2696,369,12
2697,369,17
2698,369,125
2699,370,42
2700,370,63
2701,370,126
2702,372,1
2703,372,3
2704,372,9
2705,372,12
2706,372,18
2707,372,21
2708,372,22
2709,372,26
2710,372,31
2711,372,41
2712,372,60
2713,372,62
2714,372,63
2715,373,6
2716,373,9
2717,373,18
2718,373,31
2719,373,123
2720,376,6
2721,376,18
2722,376,44
2723,377,17
2724,378,20
2725,378,64
2726,379,2
2727,379,42
2728,379,58
2729,379,108
2730,379,123
2731,380,3
2732,380,6
2733,380,9
2734,380,12
2735,380,13
2736,380,17
2737,380,18
2738,380,21
2739,380,22
2740,380,31
2741,380,41
2742,380,62
2743,380,63
2744,380,103
2745,381,16
2746,381,38
2747,381,69
2748,382,6
2749,382,7
2750,382,12
2751,382,13
2752,382,17
2753,382,26
2754,382,83
2755,382,120
2756,383,18
2757,383,22
2758,383,31
2759,383,60
2760,384,8
2761,384,22
2762,384,103
2763,385,1
2764,385,12
2765,385,13
2766,385,26
2767,385,34
2768,385,49
2769,385,60
2770,385,88
2771,385,119
2772,385,144
2773,386,2
2774,386,6
2775,386,18
2776,386,26
2777,386,31
2778,386,61
2779,386,63
2780,386,64
2781,386,120
2782,387,6
2783,387,18
2784,387,26
2785,387,40
2786,387,61
2787,387,97
2788,387,127
2789,388,9
2790,388,22
2791,388,31
2792,388,40
2793,388,63
2794,388,69
2795,390,6
2796,390,12
2797,390,26
2798,390,86
2799,391,6
2800,391,16
2801,391,18
2802,391,22
2803,391,35
2804,391,63
2805,391,65
2806,391,100
2807,391,106
2808,392,1
2809,392,7
2810,392,9
2811,392,13
2812,392,17
2813,392,18
2814,392,31
2815,392,60
2816,392,128
2817,393,17
2818,394,1
2819,394,7
2820,394,12
2821,394,13
2822,394,26
2823,394,60
2824,395,1
2825,395,2
2826,395,8
2827,395,9
2828,395,18
2829,395,25
2830,395,26
2831,395,31
2832,395,48
2833,395,80
2834,395,89
2835,396,1
2836,396,6
2837,396,26
2838,396,34
2839,397,2
2840,397,31
2841,399,1
2842,399,2
2843,399,6
2844,399,18
2845,399,26
2846,399,31
2847,399,39
2848,399,60
2849,399,81
2850,399,86
2851,399,105
2852,399,107
2853,399,136
2854,400,5
2855,400,6
2856,400,8
2857,400,19
2858,400,105
2859,400,142
2860,401,2
2861,401,3
2862,401,6
2863,401,11
2864,401,18
2865,401,20
2866,401,26
2867,402,1
2868,402,6
2869,402,7
2870,402,16
2871,402,18
2872,402,26
2873,402,31
2874,402,44
2875,402,60
2876,402,81
2877,402,105
2878,402,107
2879,403,5
2880,403,6
2881,403,7
2882,403,11
2883,403,15
2884,403,16
2885,403,18
2886,403,26
2887,403,31
2888,403,33
2889,403,61
2890,403,86
2891,403,88
2892,403,97
2893,403,105
2894,403,107
2895,403,136
2896,405,6
2897,405,18
2898,405,22
2899,405,28
2900,405,61
2901,405,64
2902,405,123
2903,406,6
2904,406,109
2905,408,1
2906,408,2
2907,408,18
2908,408,26
2909,408,31
2910,408,33
2911,408,39
2912,409,1
2913,409,16
2914,409,18
2915,409,26
2916,409,31
2917,409,60
2918,410,2
2919,410,9
2920,410,18
2921,410,26
2922,410,31
2923,410,33
2924,410,61
2925,410,81
2926,410,119
2927,410,139
2928,410,142
2929,410,145
2930,411,3
2931,411,9
2932,411,12
2933,411,18
2934,411,22
2935,411,31
2936,411,41
2937,411,62
2938,411,63
2939,411,66
2940,411,103
2941,411,125
2942,412,1
2943,412,2
2944,412,6
2945,412,7
2946,412,10
2947,412,12
2948,412,13
2949,412,17
2950,412,18
2951,412,20
2952,412,22
2953,412,31
2954,412,39
2955,412,40
2956,412,44
2957,412,60
2958,412,63
2959,412,69
2960,412,77
2961,412,84
2962,412,98
2963,412,108
2964,413,12
2965,414,1
2966,414,2
2967,414,6
2968,414,7
2969,414,17
2970,414,18
2971,414,26
2972,414,31
2973,414,60
2974,414,73
2975,414,105
2976,415,17
2977,415,20
2978,415,40
2979,416,67
2980,417,1
2981,417,2
2982,417,7
2983,417,9
2984,417,18
2985,417,20
2986,417,23
2987,417,26
2988,417,31
2989,417,33
2990,417,38
2991,417,40
2992,417,48
2993,417,54
2994,417,56
2995,417,63
2996,417,67
2997,417,69
2998,417,80
2999,417,89
3000,417,91
3001,417,94
3002,417,100
3003,417,106
3004,417,132
3005,418,1
3006,418,2
3007,418,7
3008,418,12
3009,418,13
3010,418,26
3011,418,44
3012,418,60
3013,418,86
3014,418,136
3015,419,6
3016,419,9
3017,419,13
3018,419,17
3019,419,18
3020,419,22
3021,419,41
3022,419,62
3023,419,63
3024,419,93
3025,420,9
3026,420,35
3027,420,96
3028,421,35
3029,422,8
3030,422,35
3031,423,6
3032,423,9
3033,423,17
3034,423,18
3035,424,1
3036,424,2
3037,424,4
3038,424,7
3039,424,8
3040,424,9
3041,424,17
3042,424,18
3043,424,20
3044,424,22
3045,424,24
3046,424,31
3047,424,37
3048,424,40
3049,424,41
3050,424,46
3051,424,50
3052,424,54
3053,424,56
3054,424,61
3055,424,62
3056,424,63
3057,424,95
3058,424,96
3059,424,98
3060,424,103
3061,424,106
3062,424,108
3063,424,112
3064,424,122
3065,424,127
3066,424,132
3067,424,135
3068,425,56
3069,426,6
3070,426,15
3071,426,18
3072,426,20
3073,426,26
3074,426,31
3075,426,33
3076,426,39
3077,426,44
3078,426,60
3079,426,86
3080,426,97
3081,426,105
3082,426,143
3083,427,6
3084,427,16
3085,427,17
3086,427,18
3087,427,23
3088,427,26
3089,427,39
3090,427,50
3091,427,61
3092,427,64
3093,427,97
3094,427,120
3095,427,125
3096,428,2
3097,428,6
3098,428,9
3099,428,16
3100,428,17
3101,428,18
3102,428,26
3103,428,41
3104,428,42
3105,428,48
3106,428,69
3107,428,120
3108,428,125
3109,428,126
3110,429,1
3111,429,20
3112,429,26
3113,429,31
3114,429,60
3115,429,69
3116,429,95
3117,431,2
3118,431,6
3119,431,18
3120,431,26
3121,431,44
3122,431,61
3123,432,68
3124,433,1
3125,433,2
3126,433,7
3127,433,10
3128,433,12
3129,433,13
3130,433,17
3131,433,20
3132,433,22
3133,433,31
3134,433,39
3135,433,40
3136,433,44
3137,433,54
3138,433,60
3139,433,63
3140,433,66
3141,433,69
3142,433,77
3143,433,81
3144,433,84
3145,433,98
3146,433,108
3147,433,113
3148,434,69
3149,435,22
3150,435,24
3151,435,48
3152,436,6
3153,436,9
3154,436,18
3155,436,31
3156,436,34
3157,437,6
3158,437,9
3159,437,18
3160,437,26
3161,437,34
3162,438,6
3163,438,9
3164,438,17
3165,438,18
3166,438,26
3167,438,39
3168,438,41
3169,438,63
3170,438,123
3171,438,127
3172,439,6
3173,439,18
3174,439,22
3175,439,41
3176,440,8
3177,440,9
3178,440,18
3179,440,24
3180,440,35
3181,440,48
3182,440,50
3183,440,70
3184,440,73
3185,440,125
3186,441,2
3187,441,4
3188,441,8
3189,441,10
3190,441,16
3191,441,17
3192,441,18
3193,441,20
3194,441,31
3195,441,38
3196,441,40
3197,441,42
3198,441,50
3199,441,52
3200,441,53
3201,441,54
3202,441,61
3203,441,62
3204,441,77
3205,441,81
3206,441,88
3207,441,89
3208,441,91
3209,441,95
3210,441,96
3211,441,103
3212,441,106
3213,441,107
3214,441,112
3215,441,125
3216,441,132
3217,442,1
3218,442,9
3219,442,15
3220,442,18
3221,442,31
3222,442,33
3223,442,48
3224,442,60
3225,442,81
3226,442,99
3227,442,105
3228,443,6
3229,443,7
3230,443,11
3231,443,18
3232,443,50
3233,443,61
3234,443,66
3235,443,71
3236,443,101
3237,443,105
3238,443,120
3239,444,1
3240,444,2
3241,444,18
3242,444,26
3243,444,31
3244,444,33
3245,444,39
3246,444,81
3247,445,13
3248,445,17
3249,445,19
3250,445,22
3251,445,34
3252,445,35
3253,445,41
3254,445,64
3255,445,78
3256,445,89
3257,445,100
3258,446,2
3259,446,6
3260,446,9
3261,446,16
3262,446,17
3263,446,20
3264,446,40
3265,446,54
3266,446,56
3267,446,66
3268,446,77
3269,446,97
3270,446,123
3271,446,129
3272,447,1
3273,447,6
3274,447,7
3275,447,9
3276,447,12
3277,447,17
3278,447,18
3279,447,20
3280,447,24
3281,447,26
3282,447,31
3283,447,39
3284,447,40
3285,447,48
3286,447,53
3287,447,54
3288,447,60
3289,447,61
3290,447,64
3291,447,78
3292,447,81
3293,447,87
3294,447,97
3295,447,108
3296,447,119
3297,447,120
3298,447,123
3299,447,135
3300,447,139
3301,447,142
3302,447,144
3303,447,145
3304,448,8
3305,448,9
3306,448,20
3307,448,22
3308,448,40
3309,448,54
3310,448,56
3311,448,63
3312,448,69
3313,448,103
3314,448,106
3315,449,2
3316,449,16
3317,449,50
3318,450,1
3319,450,2
3320,450,6
3321,450,12
3322,450,16
3323,450,26
3324,450,31
3325,450,34
3326,450,39
3327,450,51
3328,450,63
3329,451,2
3330,451,6
3331,451,8
3332,451,9
3333,451,18
3334,451,22
3335,451,31
3336,451,40
3337,451,44
3338,451,61
3339,451,81
3340,451,119
3341,451,142
3342,452,20
3343,453,35
3344,454,6
3345,454,9
3346,454,18
3347,454,26
3348,454,31
3349,454,40
3350,454,63
3351,454,69
3352,454,78
3353,454,94
3354,455,71
3355,455,101
3356,456,6
3357,456,18
3358,456,26
3359,456,31
3360,456,40
3361,456,60
3362,456,110
3363,457,1
3364,457,8
3365,457,22
3366,457,41
3367,457,62
3368,457,69
3369,457,103
3370,458,2
3371,458,4
3372,458,6
3373,458,16
3374,458,18
3375,458,22
3376,458,26
3377,458,31
3378,458,42
3379,458,46
3380,458,48
3381,458,50
3382,458,54
3383,458,64
3384,458,89
3385,458,108
3386,458,120
3387,459,5
3388,459,6
3389,459,7
3390,459,11
3391,459,18
3392,459,20
3393,459,31
3394,459,44
3395,459,46
3396,459,60
3397,459,81
3398,459,117
3399,459,136
3400,459,144
3401,460,6
3402,460,18
3403,460,24
3404,460,26
3405,460,41
3406,460,48
3407,460,68
3408,460,73
3409,460,97
3410,461,48
3411,461,72
3412,461,86
3413,461,105
3414,463,9
3415,463,16
3416,463,17
3417,463,38
3418,463,106
3419,464,73
3420,465,1
3421,465,2
3422,465,7
3423,465,12
3424,465,13
3425,465,26
3426,465,44
3427,465,60
3428,465,86
3429,465,136
3430,466,24
3431,467,6
3432,467,9
3433,467,18
3434,467,19
3435,467,20
3436,467,22
3437,467,40
3438,467,60
3439,467,92
3440,468,6
3441,468,18
3442,468,31
3443,468,44
3444,468,50
3445,469,2
3446,469,18
3447,469,38
3448,470,2
3449,470,9
3450,470,18
3451,470,20
3452,470,22
3453,470,24
3454,470,25
3455,470,26
3456,470,31
3457,470,40
3458,470,48
3459,470,61
3460,470,63
3461,470,64
3462,470,135
3463,471,6
3464,471,17
3465,471,24
3466,471,48
3467,471,70
3468,472,5
3469,472,6
3470,472,16
3471,472,17
3472,472,18
3473,472,93
3474,473,13
3475,473,17
3476,474,1
3477,474,2
3478,474,4
3479,474,9
3480,474,16
3481,474,17
3482,474,19
3483,474,22
3484,474,23
3485,474,25
3486,474,38
3487,474,40
3488,474,42
3489,474,46
3490,474,48
3491,474,50
3492,474,53
3493,474,54
3494,474,56
3495,474,61
3496,474,62
3497,474,63
3498,474,70
3499,474,76
3500,474,89
3501,474,96
3502,474,100
3503,474,106
3504,474,132
3505,475,2
3506,475,6
3507,475,9
3508,475,15
3509,475,16
3510,475,17
3511,475,18
3512,475,20
3513,475,22
3514,475,23
3515,475,24
3516,475,26
3517,475,31
3518,475,33
3519,475,38
3520,475,40
3521,475,48
3522,475,60
3523,475,63
3524,475,64
3525,475,67
3526,475,78
3527,475,89
3528,475,94
3529,477,1
3530,477,2
3531,477,6
3532,477,7
3533,477,13
3534,477,16
3535,477,18
3536,478,1
3537,478,9
3538,478,13
3539,478,16
3540,478,17
3541,478,20
3542,478,22
3543,478,40
3544,478,63
3545,478,66
3546,478,69
3547,478,73
3548,478,90
3549,478,100
3550,478,108
3551,480,18
3552,483,6
3553,483,18
3554,483,90
3555,483,104
3556,484,9
3557,484,18
3558,484,61
3559,484,63
3560,484,64
3561,484,73
3562,484,106
3563,485,74
3564,486,12
3565,486,13
3566,486,18
3567,486,26
3568,486,60
3569,486,123
3570,487,6
3571,487,9
3572,487,18
3573,487,22
3574,487,31
3575,487,87
3576,487,89
3577,487,98
3578,488,1
3579,488,6
3580,488,18
3581,488,26
3582,488,31
3583,488,50
3584,488,60
3585,490,75
3586,491,2
3587,491,16
3588,491,50
3589,492,6
3590,492,18
3591,492,26
3592,492,31
3593,492,39
3594,492,44
3595,492,61
3596,493,6
3597,493,18
3598,494,23
3599,495,13
3600,495,17
3601,495,26
3602,495,34
3603,495,42
3604,495,44
3605,495,49
3606,495,76
3607,495,84
3608,495,93
3609,495,108
3610,495,130
3611,496,1
3612,496,2
3613,496,7
3614,496,12
3615,496,13
3616,496,16
3617,496,17
3618,496,18
3619,496,26
3620,496,48
3621,496,89
3622,496,120
3623,496,123
3624,497,1
3625,497,2
3626,497,5
3627,497,6
3628,497,9
3629,497,11
3630,497,16
3631,497,17
3632,497,18
3633,497,20
3634,497,26
3635,497,31
3636,497,39
3637,497,60
3638,497,85
3639,497,136
3640,497,137
3641,498,2
3642,498,6
3643,498,9
3644,498,11
3645,498,16
3646,498,18
3647,498,20
3648,498,26
3649,498,31
3650,498,60
3651,499,1
3652,499,2
3653,499,6
3654,499,9
3655,499,16
3656,499,18
3657,499,26
3658,499,31
3659,499,60
3660,500,1
3661,500,2
3662,500,7
3663,500,12
3664,500,13
3665,500,16
3666,500,18
3667,500,23
3668,500,26
3669,500,31
3670,500,38
3671,500,42
3672,500,48
3673,500,51
3674,500,56
3675,500,62
3676,500,66
3677,500,90
3678,500,103
3679,500,107
3680,500,143
3681,501,9
3682,502,6
3683,502,12
3684,502,18
3685,503,20
3686,503,77
3687,504,13
3688,504,16
3689,505,1
3690,505,7
3691,505,38
3692,505,51
3693,505,60
3694,505,143
3695,505,144
3696,506,1
3697,506,7
3698,506,12
3699,506,13
3700,506,17
3701,506,26
3702,506,34
3703,506,49
3704,507,18
3705,508,69
3706,508,78
3707,510,6
3708,510,31
3709,510,60
3710,510,89
3711,510,111
3712,511,1
3713,511,2
3714,511,6
3715,511,8
3716,511,9
3717,511,18
3718,511,22
3719,511,26
3720,511,31
3721,511,41
3722,511,56
3723,511,60
3724,511,61
3725,511,79
3726,511,82
3727,511,90
3728,511,98
3729,511,103
3730,511,104
3731,511,119
3732,511,144
3733,511,145
3734,513,1
3735,513,2
3736,513,6
3737,513,7
3738,513,8
3739,513,16
3740,513,17
3741,513,18
3742,513,19
3743,513,20
3744,513,22
3745,513,24
3746,513,26
3747,513,31
3748,513,38
3749,513,40
3750,513,42
3751,513,48
3752,513,60
3753,513,61
3754,513,63
3755,513,77
3756,513,103
3757,513,106
3758,513,108
3759,513,125
3760,513,132
3761,513,135
3762,514,5
3763,514,24
3764,514,25
3765,514,48
3766,514,50
3767,514,61
3768,514,70
3769,514,104
3770,514,123
3771,514,128
3772,516,17
3773,516,20
3774,516,38
3775,516,94
3776,516,123
3777,516,128
3778,517,1
3779,517,10
3780,517,18
3781,517,26
3782,517,31
3783,517,39
3784,517,60
3785,517,61
3786,517,123
3787,518,1
3788,518,2
3789,518,4
3790,518,6
3791,518,8
3792,518,9
3793,518,17
3794,518,18
3795,518,24
3796,518,31
3797,518,37
3798,518,38
3799,518,42
3800,518,46
3801,518,50
3802,518,52
3803,518,53
3804,518,54
3805,518,61
3806,518,64
3807,518,77
3808,518,89
3809,518,96
3810,518,103
3811,518,106
3812,518,112
3813,518,132
3814,518,135
3815,519,4
3816,519,9
3817,519,17
3818,519,18
3819,519,20
3820,519,24
3821,519,27
3822,519,40
3823,519,51
3824,519,54
3825,519,61
3826,519,63
3827,519,69
3828,519,78
3829,519,80
3830,519,87
3831,519,94
3832,519,108
3833,519,123
3834,519,127
3835,520,17
3836,521,6
3837,521,9
3838,521,17
3839,521,18
3840,521,26
3841,521,31
3842,521,45
3843,521,46
3844,521,61
3845,521,64
3846,522,18
3847,522,31
3848,522,39
3849,523,1
3850,523,7
3851,523,17
3852,523,26
3853,523,49
3854,523,59
3855,523,60
3856,523,125
3857,524,9
3858,524,18
3859,524,48
3860,524,79
3861,524,90
3862,524,92
3863,524,93
3864,524,105
3865,524,142
3866,528,22
3867,529,17
3868,530,80
3869,531,12
3870,531,49
3871,531,60
3872,532,53
3873,534,1
3874,534,8
3875,534,20
3876,534,40
3877,534,50
3878,534,54
3879,534,56
3880,534,63
3881,534,69
3882,534,78
3883,534,89
3884,534,94
3885,534,100
3886,534,103
3887,534,108
3888,534,123
3889,535,6
3890,535,7
3891,535,18
3892,535,61
3893,535,129
3894,537,1
3895,537,2
3896,537,6
3897,537,7
3898,537,18
3899,537,24
3900,537,25
3901,537,48
3902,537,50
3903,537,61
3904,537,70
3905,537,123
3906,538,22
3907,539,1
3908,539,2
3909,539,12
3910,539,18
3911,539,37
3912,539,71
3913,539,84
3914,539,101
3915,539,120
3916,539,129
3917,540,8
3918,540,9
3919,540,17
3920,540,39
3921,540,63
3922,540,89
3923,540,103
3924,540,127
3925,541,1
3926,541,2
3927,541,6
3928,541,8
3929,541,9
3930,541,17
3931,541,18
3932,541,26
3933,541,31
3934,541,39
3935,541,44
3936,541,59
3937,541,60
3938,541,61
3939,541,81
3940,541,119
3941,541,120
3942,541,139
3943,541,142
3944,541,144
3945,541,145
3946,543,2
3947,543,5
3948,543,6
3949,543,7
3950,543,12
3951,543,13
3952,543,16
3953,543,17
3954,543,18
3955,543,26
3956,543,44
3957,543,51
3958,543,60
3959,543,93
3960,543,105
3961,543,113
3962,543,120
3963,543,144
3964,543,145
3965,544,17
3966,544,20
3967,544,32
3968,544,47
3969,544,54
3970,544,57
3971,544,69
3972,544,78
3973,544,94
3974,544,108
3975,545,26
3976,545,31
3977,545,53
3978,545,60
3979,545,106
3980,546,1
3981,546,6
3982,546,18
3983,546,105
3984,547,1
3985,547,7
3986,547,18
3987,547,20
3988,547,31
3989,547,40
3990,547,54
3991,547,69
3992,547,77
3993,547,78
3994,547,108
3995,547,113
3996,547,123
3997,547,128
3998,548,1
3999,548,6
4000,548,7
4001,548,12
4002,548,13
4003,548,26
4004,548,34
4005,548,49
4006,548,60
4007,549,2
4008,549,20
4009,549,71
4010,549,78
4011,549,84
4012,550,56
4013,551,4
4014,551,7
4015,551,17
4016,551,38
4017,551,40
4018,551,42
4019,551,50
4020,551,53
4021,551,63
4022,551,95
4023,551,96
4024,551,106
4025,551,108
4026,551,132
4027,553,31
4028,554,1
4029,554,17
4030,555,6
4031,555,18
4032,555,31
4033,555,89
4034,555,132
4035,556,34
4036,556,71
4037,557,1
4038,557,6
4039,557,16
4040,557,17
4041,557,18
4042,557,26
4043,557,31
4044,557,34
4045,558,39
4046,558,81
4047,558,107
4048,558,119
4049,558,133
4050,558,139
4051,559,1
4052,559,7
4053,559,12
4054,559,13
4055,559,26
4056,560,1
4057,560,2
4058,560,7
4059,560,12
4060,560,13
4061,560,26
4062,560,44
4063,560,60
4064,560,86
4065,560,136
4066,561,9
4067,561,38
4068,561,40
4069,561,54
4070,561,66
4071,562,2
4072,562,6
4073,562,7
4074,562,8
4075,562,9
4076,562,26
4077,562,31
4078,562,41
4079,562,61
4080,562,62
4081,562,63
4082,562,72
4083,562,87
4084,562,98
4085,562,108
4086,562,135
4087,563,34
4088,563,49
4089,564,1
4090,564,7
4091,564,12
4092,564,13
4093,564,26
4094,565,1
4095,565,7
4096,565,12
4097,565,13
4098,565,17
4099,565,26
4100,565,49
4101,566,2
4102,566,6
4103,566,8
4104,566,16
4105,566,18
4106,566,26
4107,566,31
4108,566,44
4109,566,68
4110,566,118
4111,566,120
4112,566,137
4113,567,1
4114,567,26
4115,568,1
4116,568,7
4117,568,12
4118,568,13
4119,568,17
4120,568,26
4121,569,59
4122,570,1
4123,570,9
4124,570,18
4125,570,26
4126,570,28
4127,570,31
4128,570,63
4129,570,64
4130,570,73
4131,570,81
4132,570,97
4133,570,135
4134,570,141
4135,571,6
4136,571,18
4137,571,22
4138,571,26
4139,571,38
4140,571,103
4141,572,6
4142,572,9
4143,572,18
4144,572,26
4145,572,103
4146,574,1
4147,574,26
4148,574,40
4149,574,78
4150,574,128
4151,575,5
4152,575,6
4153,575,18
4154,575,26
4155,575,31
4156,575,86
4157,575,93
4158,575,104
4159,576,34
4160,577,17
4161,578,4
4162,578,7
4163,578,13
4164,578,17
4165,578,93
4166,578,106
4167,578,132
4168,579,34
4169,579,44
4170,580,12
4171,580,13
4172,580,17
4173,580,34
4174,580,49
4175,581,1
4176,581,7
4177,581,12
4178,581,13
4179,581,26
4180,582,1
4181,582,7
4182,582,12
4183,582,13
4184,582,26
4185,582,34
4186,583,1
4187,583,7
4188,583,13
4189,583,16
4190,583,60
4191,584,1
4192,584,7
4193,584,26
4194,586,1
4195,586,5
4196,586,12
4197,586,13
4198,586,15
4199,586,33
4200,586,39
4201,586,81
4202,586,107
4203,586,133
4204,586,144
4205,587,8
4206,587,80
4207,589,1
4208,589,7
4209,589,13
4210,589,17
4211,589,26
4212,590,1
4213,590,2
4214,590,5
4215,590,6
4216,590,7
4217,590,12
4218,590,13
4219,590,16
4220,590,18
4221,590,26
4222,590,31
4223,590,33
4224,590,60
4225,590,81
4226,590,88
4227,590,105
4228,590,107
4229,590,120
4230,591,14
4231,591,20
4232,591,47
4233,591,73
4234,591,123
4235,592,1
4236,592,18
4237,592,24
4238,592,25
4239,592,48
4240,592,61
4241,592,86
4242,592,87
4243,592,97
4244,592,104
4245,592,105
4246,593,1
4247,593,6
4248,593,18
4249,593,26
4250,593,39
4251,593,44
4252,595,2
4253,595,13
4254,595,16
4255,595,17
4256,595,18
4257,595,22
4258,595,24
4259,595,26
4260,595,31
4261,595,36
4262,595,42
4263,595,48
4264,595,50
4265,595,56
4266,595,61
4267,595,81
4268,595,88
4269,595,90
4270,596,2
4271,596,6
4272,596,18
4273,596,44
4274,596,79
4275,596,97
4276,597,69
4277,597,83
4278,598,1
4279,598,2
4280,598,6
4281,598,10
4282,598,15
4283,598,18
4284,598,26
4285,598,31
4286,598,33
4287,598,39
4288,598,44
4289,598,60
4290,598,105
4291,598,143
4292,598,144
4293,599,1
4294,599,2
4295,599,6
4296,599,15
4297,599,18
4298,599,26
4299,599,31
4300,599,33
4301,599,60
4302,599,143
4303,600,1
4304,600,4
4305,600,9
4306,600,16
4307,600,22
4308,600,38
4309,600,40
4310,600,42
4311,600,54
4312,600,62
4313,600,95
4314,600,100
4315,600,108
4316,601,18
4317,601,22
4318,601,31
4319,601,34
4320,601,63
4321,602,1
4322,602,6
4323,602,10
4324,602,18
4325,602,31
4326,602,34
4327,602,60
4328,602,93
4329,602,143
4330,603,1
4331,603,6
4332,603,8
4333,603,18
4334,603,103
4335,604,1
4336,604,2
4337,604,9
4338,604,17
4339,604,18
4340,604,20
4341,604,22
4342,604,26
4343,604,31
4344,604,39
4345,604,40
4346,604,50
4347,604,60
4348,604,61
4349,604,63
4350,604,81
4351,604,89
4352,604,98
4353,604,119
4354,604,145
4355,606,20
4356,606,32
4357,606,50
4358,606,54
4359,606,69
4360,606,105
4361,607,1
4362,607,7
4363,607,9
4364,607,17
4365,607,31
4366,607,36
4367,608,7
4368,608,13
4369,608,17
4370,608,51
4371,608,53
4372,608,87
4373,608,100
4374,608,113
4375,608,123
4376,609,1
4377,609,6
4378,609,7
4379,609,26
4380,609,60
4381,609,120
4382,610,1
4383,610,2
4384,610,6
4385,610,18
4386,610,22
4387,610,31
4388,612,2
4389,612,6
4390,612,16
4391,612,17
4392,612,18
4393,612,26
4394,612,44
4395,612,61
4396,614,5
4397,614,6
4398,614,18
4399,614,104
4400,615,12
4401,615,13
4402,615,22
4403,615,93
4404,616,9
4405,616,22
4406,616,28
4407,616,40
4408,616,66
4409,616,69
4410,616,100
4411,616,131
4412,618,1
4413,618,2
4414,618,6
4415,618,13
4416,618,16
4417,618,18
4418,618,26
4419,618,31
4420,618,38
4421,618,39
4422,618,46
4423,618,60
4424,619,1
4425,619,2
4426,619,6
4427,619,7
4428,619,10
4429,619,12
4430,619,15
4431,619,18
4432,619,26
4433,619,31
4434,619,33
4435,619,44
4436,619,60
4437,619,71
4438,619,105
4439,619,143
4440,620,49
4441,621,49
4442,622,1
4443,622,4
4444,622,6
4445,622,8
4446,622,9
4447,622,12
4448,622,18
4449,622,22
4450,622,26
4451,622,31
4452,622,38
4453,622,50
4454,622,53
4455,622,61
4456,622,87
4457,622,89
4458,622,96
4459,622,103
4460,622,106
4461,622,115
4462,622,126
4463,623,1
4464,623,9
4465,623,18
4466,623,31
4467,623,33
4468,623,39
4469,623,48
4470,624,1
4471,624,2
4472,624,3
4473,624,9
4474,624,12
4475,624,18
4476,624,21
4477,624,22
4478,624,26
4479,624,31
4480,624,41
4481,624,60
4482,624,62
4483,624,63
4484,624,77
4485,625,1
4486,625,6
4487,625,9
4488,625,12
4489,625,18
4490,625,22
4491,625,31
4492,625,62
4493,625,63
4494,626,5
4495,626,6
4496,626,7
4497,626,11
4498,626,18
4499,626,20
4500,626,31
4501,626,44
4502,626,46
4503,626,60
4504,626,81
4505,626,117
4506,626,136
4507,626,144
4508,627,11
4509,627,18
4510,627,26
4511,627,84
4512,628,9
4513,628,81
4514,628,130
4515,628,131
4516,629,2
4517,629,18
4518,629,26
4519,629,44
4520,629,72
4521,631,2
4522,631,9
4523,631,15
4524,631,18
4525,631,26
4526,631,33
4527,631,39
4528,631,48
4529,631,77
4530,632,6
4531,632,18
4532,633,5
4533,633,6
4534,633,8
4535,633,18
4536,633,26
4537,633,61
4538,633,64
4539,633,79
4540,633,120
4541,634,1
4542,634,6
4543,634,9
4544,634,18
4545,634,26
4546,634,28
4547,634,31
4548,634,60
4549,635,1
4550,635,9
4551,635,13
4552,635,17
4553,635,18
4554,635,22
4555,635,26
4556,635,53
4557,635,61
4558,635,63
4559,635,90
4560,635,127
4561,635,135
4562,636,1
4563,636,6
4564,636,7
4565,636,9
4566,636,13
4567,636,18
4568,636,20
4569,636,26
4570,636,31
4571,636,38
4572,636,42
4573,636,48
4574,636,50
4575,636,61
4576,636,66
4577,636,93
4578,637,1
4579,637,2
4580,637,4
4581,637,7
4582,637,8
4583,637,9
4584,637,12
4585,637,16
4586,637,17
4587,637,18
4588,637,20
4589,637,22
4590,637,23
4591,637,24
4592,637,25
4593,637,26
4594,637,31
4595,637,32
4596,637,35
4597,637,36
4598,637,37
4599,637,38
4600,637,42
4601,637,50
4602,637,53
4603,637,54
4604,637,56
4605,637,61
4606,637,62
4607,637,63
4608,637,69
4609,637,70
4610,637,76
4611,637,77
4612,637,84
4613,637,85
4614,637,90
4615,637,96
4616,637,98
4617,637,100
4618,637,106
4619,637,108
4620,637,117
4621,637,125
4622,637,132
4623,637,135
4624,637,136
4625,638,8
4626,638,21
4627,638,40
4628,638,63
4629,640,7
4630,640,12
4631,640,13
4632,640,26
4633,640,60
4634,642,1
4635,642,2
4636,642,7
4637,642,10
4638,642,17
4639,642,18
4640,642,26
4641,642,29
4642,642,31
4643,642,44
4644,642,60
4645,642,81
4646,642,105
4647,642,143
4648,643,1
4649,643,2
4650,643,6
4651,643,7
4652,643,10
4653,643,12
4654,643,15
4655,643,18
4656,643,26
4657,643,31
4658,643,33
4659,643,44
4660,643,60
4661,643,71
4662,643,143
4663,644,1
4664,644,2
4665,644,6
4666,644,7
4667,644,10
4668,644,12
4669,644,15
4670,644,18
4671,644,26
4672,644,31
4673,644,33
4674,644,39
4675,644,44
4676,644,60
4677,644,71
4678,644,105
4679,644,120
4680,644,143
4681,644,144
4682,646,1
4683,646,6
4684,646,9
4685,646,18
4686,646,22
4687,646,26
4688,646,31
4689,646,60
4690,646,81
4691,646,101
4692,646,120
4693,646,143
4694,648,1
4695,648,9
4696,648,18
4697,648,20
4698,648,22
4699,648,26
4700,648,31
4701,648,60
4702,648,143
4703,649,1
4704,649,9
4705,649,18
4706,649,20
4707,649,22
4708,649,31
4709,649,69
4710,649,77
4711,649,80
4712,649,84
4713,649,143
4714,650,7
4715,650,16
4716,650,17
4717,650,18
4718,650,20
4719,650,26
4720,650,69
4721,650,81
4722,650,125
4723,651,2
4724,651,26
4725,651,86
4726,651,90
4727,651,105
4728,651,143
4729,653,1
4730,653,6
4731,653,12
4732,653,13
4733,653,16
4734,653,17
4735,653,26
4736,653,49
4737,654,6
4738,654,8
4739,654,9
4740,654,16
4741,654,18
4742,654,22
4743,654,26
4744,654,31
4745,654,41
4746,654,61
4747,654,63
4748,654,64
4749,654,115
4750,654,120
4751,655,6
4752,655,8
4753,655,9
4754,655,18
4755,655,22
4756,655,61
4757,655,125
4758,656,1
4759,656,6
4760,656,8
4761,656,18
4762,656,22
4763,656,26
4764,656,31
4765,656,61
4766,656,62
4767,656,63
4768,656,90
4769,656,96
4770,656,98
4771,656,103
4772,657,1
4773,657,2
4774,657,6
4775,657,8
4776,657,9
4777,657,12
4778,657,17
4779,657,22
4780,657,35
4781,657,39
4782,657,63
4783,657,100
4784,657,103
4785,657,128
4786,658,6
4787,658,9
4788,658,18
4789,658,34
4790,658,93
4791,658,104
4792,658,118
4793,659,2
4794,659,31
4795,660,1
4796,660,2
4797,660,7
4798,660,13
4799,660,16
4800,660,17
4801,660,18
4802,660,26
4803,660,31
4804,660,39
4805,660,50
4806,660,60
4807,660,61
4808,660,120
4809,661,5
4810,661,9
4811,661,17
4812,661,39
4813,661,66
4814,661,104
4815,661,123
4816,662,6
4817,662,34
4818,663,2
4819,663,9
4820,663,18
4821,663,22
4822,663,26
4823,663,56
4824,663,71
4825,663,79
4826,663,90
4827,663,98
4828,663,104
4829,663,137
4830,664,2
4831,664,6
4832,664,8
4833,664,9
4834,664,18
4835,664,22
4836,664,31
4837,664,44
4838,664,61
4839,664,63
4840,664,81
4841,664,119
4842,664,142
4843,665,2
4844,665,6
4845,665,8
4846,665,9
4847,665,16
4848,665,17
4849,665,18
4850,665,26
4851,665,31
4852,665,39
4853,665,44
4854,665,61
4855,665,81
4856,665,84
4857,665,93
4858,665,107
4859,665,119
4860,665,134
4861,665,139
4862,665,142
4863,666,1
4864,666,2
4865,666,5
4866,666,6
4867,666,8
4868,666,9
4869,666,17
4870,666,18
4871,666,26
4872,666,31
4873,666,39
4874,666,44
4875,666,59
4876,666,60
4877,666,61
4878,666,81
4879,666,84
4880,666,104
4881,666,119
4882,666,120
4883,666,139
4884,666,142
4885,666,144
4886,667,1
4887,667,2
4888,667,5
4889,667,6
4890,667,8
4891,667,9
4892,667,12
4893,667,16
4894,667,17
4895,667,18
4896,667,26
4897,667,31
4898,667,39
4899,667,41
4900,667,44
4901,667,59
4902,667,60
4903,667,61
4904,667,79
4905,667,81
4906,667,84
4907,667,88
4908,667,104
4909,667,107
4910,667,119
4911,667,139
4912,667,142
4913,669,7
4914,669,9
4915,669,16
4916,669,17
4917,669,18
4918,669,23
4919,669,24
4920,669,50
4921,669,51
4922,669,64
4923,669,86
4924,669,108
4925,669,129
4926,670,6
4927,670,9
4928,670,16
4929,670,17
4930,670,18
4931,670,24
4932,670,33
4933,670,48
4934,670,85
4935,670,87
4936,671,19
4937,671,40
4938,671,59
4939,671,68
4940,671,77
4941,671,81
4942,671,138
4943,671,140
4944,672,80
4945,673,1
4946,673,2
4947,673,5
4948,673,6
4949,673,7
4950,673,12
4951,673,13
4952,673,16
4953,673,17
4954,673,18
4955,673,24
4956,673,26
4957,673,31
4958,673,39
4959,673,48
4960,673,51
4961,673,59
4962,673,60
4963,673,61
4964,673,73
4965,673,79
4966,673,81
4967,673,97
4968,673,104
4969,673,105
4970,673,107
4971,673,119
4972,673,133
4973,673,140
4974,673,144
4975,674,5
4976,674,6
4977,674,7
4978,674,13
4979,674,16
4980,674,18
4981,674,26
4982,674,59
4983,674,61
4984,674,73
4985,674,81
4986,674,104
4987,674,119
4988,674,144
4989,675,2
4990,675,5
4991,675,6
4992,675,7
4993,675,13
4994,675,16
4995,675,18
4996,675,26
4997,675,59
4998,675,61
4999,675,73
5000,675,81
5001,675,104
5002,675,119
5003,675,144
5004,676,1
5005,676,2
5006,676,5
5007,676,6
5008,676,7
5009,676,12
5010,676,13
5011,676,16
5012,676,17
5013,676,18
5014,676,22
5015,676,26
5016,676,31
5017,676,39
5018,676,41
5019,676,48
5020,676,51
5021,676,59
5022,676,60
5023,676,61
5024,676,73
5025,676,79
5026,676,81
5027,676,97
5028,676,104
5029,676,105
5030,676,107
5031,676,119
5032,676,133
5033,676,139
5034,676,144
5035,677,1
5036,677,7
5037,677,12
5038,677,13
5039,677,26
5040,677,31
5041,677,34
5042,677,60
5043,677,74
5044,677,93
5045,678,9
5046,678,19
5047,678,56
5048,678,63
5049,678,141
5050,679,1
5051,679,2
5052,679,5
5053,679,6
5054,679,9
5055,679,16
5056,679,17
5057,679,18
5058,679,20
5059,679,22
5060,679,26
5061,679,31
5062,679,38
5063,679,39
5064,679,41
5065,679,42
5066,679,50
5067,679,60
5068,679,61
5069,679,63
5070,679,89
5071,679,103
5072,679,104
5073,679,118
5074,679,120
5075,679,123
5076,679,125
5077,679,132
5078,681,34
5079,682,13
5080,684,5
5081,684,6
5082,684,16
5083,684,18
5084,684,26
5085,684,61
5086,684,79
5087,684,86
5088,684,104
5089,685,1
5090,685,2
5091,685,6
5092,685,9
5093,685,16
5094,685,18
5095,685,26
5096,685,31
5097,685,34
5098,685,38
5099,685,39
5100,685,42
5101,685,52
5102,685,60
5103,685,61
5104,685,120
5105,686,6
5106,686,18
5107,686,26
5108,686,31
5109,686,50
5110,686,60
5111,686,61
5112,686,120
5113,687,6
5114,687,18
5115,687,26
5116,687,31
5117,689,8
5118,689,9
5119,689,22
5120,689,105
5121,690,2
5122,690,6
5123,690,16
5124,690,18
5125,690,26
5126,690,31
5127,690,120
5128,691,1
5129,691,18
5130,691,26
5131,691,31
5132,691,60
5133,692,1
5134,692,2
5135,692,5
5136,692,6
5137,692,11
5138,692,15
5139,692,18
5140,692,26
5141,692,31
5142,692,33
5143,692,60
5144,692,86
5145,692,88
5146,692,105
5147,692,107
5148,692,136
5149,693,1
5150,693,18
5151,693,26
5152,693,31
5153,693,39
5154,693,44
5155,694,17
5156,695,9
5157,695,18
5158,695,31
5159,696,1
5160,696,2
5161,696,6
5162,696,15
5163,696,18
5164,696,26
5165,696,33
5166,696,44
5167,696,60
5168,696,69
5169,696,71
5170,696,78
5171,696,83
5172,696,101
5173,696,142
5174,696,143
5175,697,1
5176,697,2
5177,697,6
5178,697,7
5179,697,10
5180,697,18
5181,697,24
5182,697,26
5183,697,31
5184,697,34
5185,697,44
5186,697,48
5187,697,51
5188,697,60
5189,697,71
5190,697,86
5191,697,105
5192,697,143
5193,698,5
5194,698,19
5195,699,9
5196,700,2
5197,700,6
5198,700,9
5199,700,18
5200,700,26
5201,700,38
5202,700,40
5203,700,46
5204,700,56
5205,700,60
5206,700,78
5207,700,90
5208,700,97
5209,700,108
5210,701,9
5211,701,23
5212,702,1
5213,702,5
5214,702,6
5215,702,11
5216,702,18
5217,702,26
5218,702,31
5219,702,60
5220,702,136
5221,704,6
5222,704,9
5223,704,18
5224,704,26
5225,704,31
5226,704,39
5227,704,60
5228,704,61
5229,705,1
5230,705,6
5231,705,7
5232,705,8
5233,705,9
5234,705,18
5235,705,21
5236,705,22
5237,705,26
5238,705,31
5239,705,39
5240,705,41
5241,705,50
5242,705,59
5243,705,63
5244,705,68
5245,705,73
5246,705,78
5247,705,81
5248,705,96
5249,705,119
5250,705,137
5251,705,144
5252,706,6
5253,706,16
5254,706,18
5255,706,26
5256,706,42
5257,706,61
5258,708,1
5259,708,18
5260,708,34
5261,708,60
5262,708,114
5263,709,6
5264,709,18
5265,709,26
5266,709,120
5267,710,38
5268,711,1
5269,711,2
5270,711,9
5271,711,12
5272,711,16
5273,711,17
5274,711,18
5275,711,22
5276,711,26
5277,711,31
5278,711,44
5279,711,48
5280,711,50
5281,711,56
5282,711,60
5283,711,61
5284,711,63
5285,711,81
5286,711,90
5287,711,91
5288,711,98
5289,711,100
5290,712,2
5291,712,6
5292,712,10
5293,712,18
5294,712,26
5295,712,31
5296,712,34
5297,712,44
5298,712,48
5299,712,60
5300,712,105
5301,712,143
5302,713,1
5303,713,6
5304,713,18
5305,713,31
5306,713,33
5307,713,48
5308,713,51
5309,713,60
5310,713,143
5311,714,1
5312,714,2
5313,714,6
5314,714,10
5315,714,18
5316,714,26
5317,714,31
5318,714,33
5319,714,51
5320,714,60
5321,714,105
5322,714,143
5323,715,1
5324,715,2
5325,715,4
5326,715,6
5327,715,7
5328,715,10
5329,715,12
5330,715,13
5331,715,16
5332,715,18
5333,715,26
5334,715,31
5335,715,34
5336,715,38
5337,715,44
5338,715,50
5339,715,60
5340,715,86
5341,715,97
5342,715,105
5343,715,120
5344,715,123
5345,715,128
5346,715,143
5347,716,69
5348,717,4
5349,717,22
5350,717,38
5351,717,46
5352,717,67
5353,717,75
5354,719,6
5355,719,9
5356,719,41
5357,719,52
5358,719,63
5359,719,90
5360,719,96
5361,719,117
5362,720,6
5363,720,18
5364,720,20
5365,720,48
5366,720,131
5367,721,7
5368,721,17
5369,721,62
5370,721,63
5371,721,100
5372,721,135
5373,722,6
5374,722,7
5375,722,8
5376,722,9
5377,722,12
5378,722,17
5379,722,18
5380,722,20
5381,722,22
5382,722,25
5383,722,26
5384,722,31
5385,722,41
5386,722,53
5387,722,60
5388,722,61
5389,722,73
5390,722,81
5391,722,86
5392,722,87
5393,724,1
5394,724,2
5395,724,7
5396,724,9
5397,724,10
5398,724,15
5399,724,18
5400,724,26
5401,724,31
5402,724,33
5403,724,48
5404,724,63
5405,724,81
5406,724,88
5407,724,105
5408,724,107
5409,724,143
5410,726,1
5411,726,9
5412,726,12
5413,726,18
5414,726,31
5415,726,33
5416,726,96
5417,726,100
5418,727,6
5419,727,18
5420,727,86
5421,727,105
5422,728,6
5423,728,8
5424,728,9
5425,728,11
5426,728,12
5427,728,18
5428,728,22
5429,728,31
5430,728,34
5431,728,41
5432,728,53
5433,728,93
5434,728,118
5435,728,119
5436,728,127
5437,728,135
5438,728,144
5439,730,1
5440,730,6
5441,730,9
5442,730,18
5443,730,22
5444,730,26
5445,730,31
5446,730,60
5447,730,103
5448,731,9
5449,731,38
5450,732,1
5451,732,5
5452,732,6
5453,732,18
5454,732,26
5455,732,31
5456,732,60
5457,732,81
5458,732,104
5459,732,119
5460,732,144
5461,733,1
5462,733,7
5463,733,9
5464,733,17
5465,733,18
5466,733,22
5467,733,24
5468,733,33
5469,733,34
5470,734,4
5471,734,9
5472,734,17
5473,734,20
5474,734,24
5475,734,38
5476,734,50
5477,734,53
5478,734,61
5479,734,63
5480,734,66
5481,734,69
5482,734,81
5483,734,103
5484,734,108
5485,734,123
5486,734,125
5487,734,135
5488,735,1
5489,735,2
5490,735,18
5491,735,22
5492,735,31
5493,735,34
5494,735,38
5495,736,1
5496,736,7
5497,736,13
5498,736,26
5499,736,60
5500,738,8
5501,738,9
5502,738,18
5503,738,22
5504,738,24
5505,738,61
5506,738,103
5507,739,12
5508,739,16
5509,739,18
5510,739,22
5511,739,49
5512,741,15
5513,741,18
5514,741,31
5515,741,39
5516,741,48
5517,741,60
5518,741,105
5519,742,1
5520,742,2
5521,742,5
5522,742,6
5523,742,7
5524,742,16
5525,742,18
5526,742,26
5527,742,33
5528,742,39
5529,742,44
5530,742,60
5531,742,66
5532,742,81
5533,742,88
5534,742,97
5535,742,105
5536,742,107
5537,742,119
5538,742,120
5539,742,144
5540,743,1
5541,743,6
5542,743,9
5543,743,16
5544,743,17
5545,743,18
5546,743,31
5547,743,35
5548,743,61
5549,744,6
5550,744,9
5551,744,16
5552,744,18
5553,744,22
5554,744,24
5555,744,26
5556,744,31
5557,744,60
5558,744,61
5559,744,64
5560,745,2
5561,745,6
5562,745,9
5563,745,12
5564,745,13
5565,745,16
5566,745,17
5567,745,18
5568,745,20
5569,745,26
5570,745,31
5571,745,33
5572,745,34
5573,745,39
5574,745,46
5575,745,59
5576,745,60
5577,745,63
5578,745,79
5579,745,81
5580,745,84
5581,745,107
5582,745,119
5583,745,120
5584,745,134
5585,745,139
5586,745,144
5587,748,1
5588,748,2
5589,748,6
5590,748,7
5591,748,12
5592,748,16
5593,748,18
5594,748,26
5595,748,44
5596,748,60
5597,748,81
5598,748,88
5599,748,105
5600,748,107
5601,748,119
5602,748,120
5603,748,144
5604,749,9
5605,749,20
5606,749,27
5607,749,38
5608,749,40
5609,749,53
5610,749,54
5611,749,69
5612,749,78
5613,749,87
5614,749,108
5615,751,24
5616,751,33
5617,752,9
5618,752,22
5619,752,24
5620,753,5
5621,753,6
5622,753,16
5623,753,18
5624,753,19
5625,753,50
5626,754,1
5627,754,7
5628,754,10
5629,754,12
5630,754,13
5631,754,16
5632,754,17
5633,754,20
5634,754,22
5635,754,26
5636,754,31
5637,754,40
5638,754,44
5639,754,60
5640,754,63
5641,754,66
5642,754,77
5643,754,113
5644,755,19
5645,755,20
5646,755,42
5647,755,56
5648,755,95
5649,755,117
5650,756,31
5651,756,87
5652,756,106
5653,756,132
5654,7,147
5655,16,147
5656,16,157
5657,19,157
5658,21,151
5659,21,156
5660,21,157
5661,33,147
5662,33,159
5663,35,158
5664,35,161
5665,40,158
5666,84,159
5667,98,156
5668,98,165
5669,129,161
5670,130,153
5671,135,156
5672,149,157
5673,164,150
5674,166,158
5675,166,161
5676,181,151
5677,200,157
5678,201,151
5679,201,154
5680,201,156
5681,207,153
5682,210,149
5683,213,148
5684,214,148
5685,217,149
5686,230,149
5687,236,149
5688,239,147
5689,239,164
5690,255,149
5691,259,151
5692,259,156
5693,266,156
5694,266,157
5695,271,162
5696,275,146
5697,275,159
5698,279,146
5699,279,149
5700,279,152
5701,284,151
5702,284,156
5703,291,151
5704,295,153
5705,312,147
5706,312,149
5707,319,159
5708,332,146
5709,340,151
5710,346,147
5711,346,158
5712,346,161
5713,348,151
5714,348,156
5715,349,157
5716,353,152
5717,356,157
5718,361,151
5719,361,156
5720,395,147
5721,403,153
5722,410,151
5723,410,156
5724,412,148
5725,417,159
5726,424,147
5727,424,159
5728,433,148
5729,441,159
5730,441,166
5731,441,167
5732,444,157
5733,447,151
5734,447,156
5735,447,157
5736,451,151
5737,451,156
5738,470,156
5739,474,155
5740,474,159
5741,495,158
5742,500,155
5743,511,156
5744,511,157
5745,513,147
5746,513,155
5747,513,160
5748,518,159
5749,518,166
5750,518,167
5751,519,156
5752,519,159
5753,534,149
5754,534,163
5755,541,151
5756,541,156
5757,541,157
5758,543,153
5759,543,157
5760,551,159
5761,570,149
5762,574,148
5763,595,149
5764,595,155
5765,599,158
5766,600,159
5767,604,149
5768,604,157
5769,619,158
5770,625,154
5771,633,149
5772,636,149
5773,636,161
5774,637,151
5775,637,159
5776,642,158
5777,643,158
5778,644,158
5779,661,155
5780,664,151
5781,664,156
5782,665,145
5783,665,151
5784,665,156
5785,666,145
5786,666,151
5787,666,156
5788,666,157
5789,667,151
5790,667,156
5791,669,149
5792,673,145
5793,673,157
5794,674,145
5795,674,157
5796,675,145
5797,675,157
5798,676,145
5799,676,157
5800,679,147
5801,679,151
5802,679,159
5803,685,155
5804,685,160
5805,696,145
5806,697,158
5807,697,161
5808,705,156
5809,705,157
5810,711,153
5811,712,158
5812,712,161
5813,714,161
5814,715,158
5815,715,161
5816,728,157
5817,738,156
5818,741,157
5819,745,145
5820,745,156
5821,745,157
5822,754,148
5823,755,150
5824,755,155
