,hero_id,attribute_id,attribute_value
0,1,1,80
1,2,1,75
2,3,1,95
3,4,1,80
4,5,1,85
5,6,1,100
6,8,1,85
7,9,1,85
8,10,1,80
9,11,1,60
10,12,1,90
11,13,1,80
12,16,1,80
13,17,1,55
14,18,1,85
15,19,1,80
16,21,1,85
17,22,1,35
18,23,1,35
19,24,1,90
20,26,1,75
21,27,1,75
22,28,1,95
23,29,1,80
24,30,1,90
25,31,1,100
26,32,1,90
27,34,1,75
28,35,1,90
29,36,1,100
30,37,1,60
31,38,1,85
32,39,1,95
33,40,1,80
34,41,1,85
35,42,1,75
36,43,1,85
37,45,1,90
38,44,1,90
39,46,1,80
40,47,1,80
41,48,1,80
42,51,1,85
43,53,1,85
44,50,1,85
45,52,1,85
46,54,1,90
47,55,1,75
48,56,1,95
49,58,1,85
50,59,1,85
51,60,1,80
52,61,1,85
53,62,1,95
54,63,1,60
55,64,1,95
56,65,1,80
57,66,1,65
58,67,1,70
59,68,1,95
60,69,1,80
61,70,1,85
62,72,1,90
63,73,1,100
64,75,1,95
65,74,1,95
66,76,1,80
67,79,1,100
68,80,1,80
69,81,1,70
70,82,1,90
71,83,1,85
72,84,1,100
73,85,1,95
74,86,1,95
75,87,1,75
76,88,1,90
77,89,1,85
78,91,1,95
79,92,1,80
80,93,1,65
81,96,1,90
82,97,1,85
83,98,1,75
84,100,1,95
85,101,1,90
86,102,1,85
87,103,1,85
88,104,1,90
89,105,1,75
90,107,1,85
91,108,1,80
92,109,1,90
93,110,1,90
94,111,1,95
95,113,1,90
96,114,1,85
97,115,1,75
98,116,1,80
99,117,1,85
100,120,1,80
101,121,1,75
102,122,1,75
103,123,1,60
104,124,1,85
105,125,1,80
106,126,1,65
107,127,1,85
108,128,1,85
109,129,1,80
110,130,1,85
111,132,1,90
112,133,1,75
113,135,1,85
114,138,1,80
115,139,1,100
116,140,1,100
117,141,1,90
118,143,1,85
119,144,1,85
120,145,1,80
121,146,1,85
122,148,1,75
123,149,1,95
124,150,1,85
125,151,1,80
126,153,1,85
127,154,1,95
128,155,1,90
129,156,1,80
130,157,1,85
131,158,1,65
132,159,1,85
133,162,1,90
134,164,1,80
135,165,1,95
136,167,1,90
137,169,1,85
138,171,1,95
139,172,1,85
140,173,1,80
141,175,1,95
142,176,1,85
143,177,1,75
144,178,1,75
145,179,1,95
146,180,1,80
147,183,1,80
148,184,1,75
149,185,1,70
150,186,1,85
151,187,1,90
152,188,1,70
153,191,1,85
154,192,1,80
155,193,1,70
156,194,1,80
157,195,1,60
158,196,1,85
159,197,1,85
160,199,1,60
161,200,1,90
162,201,1,90
163,202,1,90
164,203,1,75
165,204,1,85
166,206,1,75
167,208,1,80
168,209,1,95
169,210,1,95
170,212,1,75
171,213,1,80
172,214,1,85
173,215,1,65
174,216,1,100
175,217,1,85
176,218,1,80
177,220,1,80
178,221,1,85
179,222,1,90
180,223,1,80
181,224,1,80
182,225,1,75
183,226,1,80
184,227,1,90
185,228,1,100
186,229,1,95
187,230,1,95
188,231,1,100
189,232,1,100
190,233,1,85
191,234,1,95
192,235,1,90
193,236,1,90
194,237,1,50
195,238,1,95
196,239,1,100
197,240,1,80
198,241,1,95
199,242,1,85
200,243,1,85
201,244,1,85
202,245,1,80
203,246,1,90
204,247,1,90
205,248,1,85
206,249,1,80
207,252,1,80
208,253,1,85
209,254,1,80
210,255,1,85
211,257,1,75
212,258,1,95
213,259,1,95
214,260,1,75
215,262,1,80
216,263,1,75
217,264,1,75
218,265,1,80
219,266,1,80
220,267,1,75
221,268,1,90
222,269,1,85
223,271,1,95
224,272,1,85
225,273,1,85
226,274,1,85
227,275,1,85
228,276,1,75
229,277,1,85
230,278,1,75
231,280,1,85
232,281,1,90
233,282,1,80
234,283,1,85
235,284,1,100
236,285,1,80
237,287,1,70
238,288,1,95
239,290,1,95
240,291,1,80
241,292,1,90
242,293,1,75
243,294,1,80
244,295,1,80
245,298,1,95
246,299,1,100
247,300,1,80
248,301,1,75
249,302,1,95
250,304,1,90
251,306,1,90
252,307,1,85
253,308,1,75
254,309,1,80
255,310,1,80
256,311,1,80
257,312,1,90
258,313,1,90
259,316,1,80
260,317,1,85
261,318,1,95
262,319,1,90
263,321,1,75
264,322,1,80
265,323,1,80
266,325,1,90
267,326,1,90
268,327,1,75
269,328,1,75
270,330,1,75
271,331,1,85
272,332,1,85
273,334,1,80
274,335,1,85
275,336,1,75
276,337,1,80
277,338,1,65
278,339,1,85
279,340,1,85
280,341,1,75
281,342,1,95
282,343,1,85
283,344,1,85
284,345,1,85
285,347,1,75
286,348,1,95
287,349,1,85
288,350,1,80
289,351,1,85
290,352,1,90
291,353,1,75
292,355,1,90
293,356,1,100
294,357,1,95
295,358,1,90
296,360,1,85
297,361,1,35
298,364,1,85
299,365,1,60
300,367,1,85
301,368,1,100
302,369,1,90
303,370,1,90
304,371,1,90
305,375,1,60
306,376,1,75
307,377,1,95
308,379,1,85
309,381,1,90
310,382,1,100
311,383,1,85
312,384,1,80
313,385,1,90
314,386,1,75
315,387,1,80
316,388,1,80
317,389,1,70
318,391,1,100
319,392,1,85
320,393,1,90
321,394,1,80
322,395,1,65
323,396,1,75
324,397,1,65
325,398,1,70
326,399,1,65
327,400,1,95
328,402,1,80
329,403,1,80
330,404,1,90
331,405,1,85
332,407,1,80
333,408,1,80
334,410,1,55
335,412,1,80
336,413,1,90
337,414,1,85
338,415,1,100
339,416,1,65
340,418,1,90
341,419,1,100
342,420,1,75
343,421,1,75
344,422,1,75
345,423,1,90
346,424,1,100
347,425,1,55
348,426,1,80
349,427,1,100
350,428,1,95
351,429,1,80
352,430,1,100
353,431,1,80
354,433,1,85
355,434,1,75
356,435,1,70
357,436,1,90
358,437,1,85
359,438,1,95
360,439,1,80
361,440,1,95
362,441,1,100
363,442,1,75
364,443,1,80
365,444,1,85
366,445,1,100
367,446,1,85
368,447,1,100
369,448,1,85
370,450,1,90
371,451,1,90
372,452,1,85
373,453,1,85
374,454,1,90
375,455,1,80
376,456,1,90
377,457,1,75
378,458,1,95
379,459,1,80
380,460,1,90
381,461,1,70
382,463,1,95
383,464,1,85
384,465,1,85
385,466,1,75
386,467,1,85
387,469,1,85
388,470,1,85
389,471,1,100
390,472,1,90
391,473,1,90
392,474,1,100
393,475,1,100
394,476,1,100
395,477,1,90
396,478,1,100
397,479,1,80
398,481,1,85
399,482,1,75
400,483,1,80
401,484,1,95
402,485,1,80
403,486,1,80
404,487,1,80
405,488,1,85
406,489,1,65
407,490,1,90
408,491,1,80
409,492,1,80
410,493,1,75
411,494,1,85
412,495,1,95
413,496,1,90
414,498,1,80
415,499,1,80
416,500,1,75
417,502,1,85
418,503,1,80
419,504,1,90
420,505,1,80
421,506,1,95
422,507,1,85
423,508,1,85
424,509,1,85
425,510,1,80
426,511,1,100
427,513,1,100
428,514,1,80
429,515,1,70
430,517,1,65
431,518,1,100
432,519,1,95
433,520,1,90
434,521,1,90
435,523,1,100
436,524,1,55
437,525,1,50
438,528,1,65
439,529,1,95
440,530,1,70
441,531,1,70
442,532,1,75
443,533,1,100
444,534,1,100
445,535,1,85
446,537,1,80
447,538,1,80
448,539,1,95
449,540,1,85
450,541,1,100
451,542,1,50
452,543,1,85
453,544,1,100
454,545,1,100
455,546,1,85
456,547,1,85
457,548,1,85
458,549,1,80
459,550,1,75
460,551,1,100
461,552,1,90
462,554,1,95
463,555,1,85
464,556,1,75
465,557,1,100
466,558,1,85
467,560,1,85
468,561,1,80
469,562,1,80
470,563,1,70
471,565,1,90
472,566,1,80
473,567,1,65
474,568,1,95
475,569,1,90
476,574,1,85
477,575,1,65
478,576,1,95
479,577,1,100
480,578,1,100
481,580,1,95
482,581,1,90
483,582,1,95
484,583,1,85
485,584,1,80
486,585,1,90
487,586,1,80
488,587,1,90
489,589,1,90
490,590,1,80
491,591,1,90
492,592,1,80
493,593,1,90
494,594,1,95
495,595,1,95
496,596,1,85
497,597,1,95
498,598,1,90
499,599,1,95
500,600,1,100
501,601,1,75
502,602,1,80
503,603,1,85
504,604,1,90
505,606,1,90
506,607,1,85
507,608,1,95
508,609,1,85
509,610,1,85
510,611,1,95
511,612,1,95
512,614,1,85
513,615,1,85
514,616,1,80
515,618,1,85
516,619,1,90
517,621,1,85
518,622,1,80
519,623,1,80
520,625,1,90
521,626,1,80
522,628,1,75
523,629,1,80
524,631,1,80
525,632,1,80
526,633,1,55
527,634,1,90
528,635,1,75
529,636,1,90
530,637,1,95
531,640,1,80
532,641,1,65
533,642,1,85
534,643,1,90
535,644,1,100
536,646,1,80
537,648,1,80
538,650,1,95
539,653,1,85
540,654,1,95
541,655,1,80
542,656,1,85
543,657,1,85
544,658,1,95
545,659,1,85
546,660,1,100
547,661,1,90
548,662,1,60
549,663,1,85
550,664,1,90
551,665,1,100
552,666,1,100
553,667,1,100
554,668,1,95
555,669,1,95
556,670,1,90
557,671,1,90
558,672,1,90
559,673,1,90
560,674,1,90
561,675,1,90
562,676,1,90
563,677,1,90
564,678,1,75
565,679,1,100
566,680,1,100
567,682,1,85
568,683,1,100
569,684,1,90
570,685,1,85
571,686,1,90
572,687,1,80
573,690,1,85
574,691,1,75
575,692,1,75
576,693,1,85
577,694,1,100
578,696,1,80
579,698,1,80
580,700,1,95
581,701,1,85
582,702,1,80
583,703,1,95
584,704,1,80
585,706,1,80
586,709,1,75
587,710,1,85
588,711,1,95
589,712,1,90
590,713,1,80
591,714,1,85
592,715,1,85
593,717,1,80
594,719,1,85
595,720,1,55
596,721,1,80
597,724,1,80
598,725,1,70
599,726,1,90
600,727,1,80
601,728,1,85
602,730,1,95
603,731,1,75
604,732,1,75
605,733,1,85
606,734,1,100
607,735,1,80
608,736,1,85
609,737,1,80
610,738,1,80
611,741,1,75
612,742,1,85
613,743,1,90
614,744,1,90
615,745,1,95
616,747,1,60
617,748,1,90
618,749,1,95
619,752,1,80
620,753,1,80
621,754,1,95
622,756,1,80
623,1,2,35
624,2,2,100
625,3,2,30
626,4,2,90
627,5,2,80
628,6,2,100
629,8,2,10
630,9,2,10
631,10,2,40
632,11,2,10
633,12,2,30
634,13,2,85
635,16,2,80
636,17,2,35
637,18,2,10
638,19,2,30
639,21,2,100
640,22,2,45
641,23,2,25
642,24,2,30
643,26,2,55
644,27,2,10
645,28,2,100
646,29,2,50
647,30,2,80
648,31,2,20
649,32,2,20
650,34,2,60
651,35,2,60
652,36,2,100
653,37,2,20
654,38,2,45
655,39,2,85
656,40,2,50
657,41,2,15
658,42,2,65
659,43,2,100
660,45,2,85
661,44,2,100
662,46,2,10
663,47,2,65
664,48,2,55
665,51,2,80
666,53,2,80
667,50,2,100
668,52,2,100
669,54,2,95
670,55,2,10
671,56,2,10
672,58,2,55
673,59,2,10
674,60,2,15
675,61,2,20
676,62,2,95
677,63,2,50
678,64,2,40
679,65,2,10
680,66,2,55
681,67,2,45
682,68,2,15
683,69,2,65
684,70,2,15
685,72,2,10
686,73,2,20
687,75,2,40
688,74,2,15
689,76,2,55
690,79,2,50
691,80,2,30
692,81,2,60
693,82,2,100
694,83,2,80
695,84,2,100
696,85,2,100
697,86,2,100
698,87,2,10
699,88,2,15
700,89,2,40
701,91,2,100
702,92,2,40
703,93,2,10
704,96,2,55
705,97,2,15
706,98,2,95
707,100,2,100
708,101,2,70
709,102,2,10
710,103,2,10
711,104,2,20
712,105,2,10
713,107,2,10
714,108,2,15
715,109,2,10
716,110,2,30
717,111,2,20
718,113,2,60
719,114,2,35
720,115,2,10
721,116,2,30
722,117,2,30
723,120,2,10
724,121,2,75
725,122,2,10
726,123,2,85
727,124,2,80
728,125,2,10
729,126,2,75
730,127,2,80
731,128,2,45
732,129,2,35
733,130,2,10
734,132,2,90
735,133,2,10
736,135,2,85
737,138,2,75
738,139,2,95
739,140,2,10
740,141,2,60
741,143,2,35
742,144,2,30
743,145,2,15
744,146,2,30
745,148,2,10
746,149,2,50
747,150,2,55
748,151,2,10
749,153,2,20
750,154,2,95
751,155,2,80
752,156,2,10
753,157,2,85
754,158,2,10
755,159,2,85
756,162,2,85
757,164,2,90
758,165,2,95
759,167,2,85
760,169,2,15
761,171,2,80
762,172,2,70
763,173,2,10
764,175,2,10
765,176,2,10
766,177,2,10
767,178,2,20
768,179,2,100
769,180,2,40
770,183,2,95
771,184,2,10
772,185,2,40
773,186,2,10
774,187,2,10
775,188,2,65
776,191,2,85
777,192,2,10
778,193,2,35
779,194,2,10
780,195,2,60
781,196,2,70
782,197,2,20
783,199,2,100
784,200,2,55
785,201,2,95
786,202,2,10
787,203,2,35
788,204,2,10
789,206,2,10
790,208,2,35
791,209,2,15
792,210,2,100
793,212,2,10
794,213,2,50
795,214,2,50
796,215,2,15
797,216,2,35
798,217,2,10
799,218,2,10
800,220,2,10
801,221,2,35
802,222,2,30
803,223,2,50
804,224,2,95
805,225,2,20
806,226,2,15
807,227,2,80
808,228,2,35
809,229,2,75
810,230,2,20
811,231,2,50
812,232,2,10
813,233,2,10
814,234,2,15
815,235,2,90
816,236,2,100
817,237,2,65
818,238,2,95
819,239,2,100
820,240,2,80
821,241,2,80
822,242,2,35
823,243,2,10
824,244,2,15
825,245,2,10
826,246,2,10
827,247,2,65
828,248,2,15
829,249,2,80
830,252,2,85
831,253,2,35
832,254,2,35
833,255,2,85
834,257,2,15
835,258,2,85
836,259,2,95
837,260,2,30
838,262,2,85
839,263,2,10
840,264,2,65
841,265,2,10
842,266,2,55
843,267,2,80
844,268,2,70
845,269,2,10
846,271,2,50
847,272,2,10
848,273,2,10
849,274,2,10
850,275,2,80
851,276,2,10
852,277,2,55
853,278,2,80
854,280,2,10
855,281,2,85
856,282,2,90
857,283,2,5
858,284,2,100
859,285,2,75
860,287,2,85
861,288,2,85
862,290,2,90
863,291,2,100
864,292,2,10
865,293,2,100
866,294,2,35
867,295,2,100
868,298,2,55
869,299,2,100
870,300,2,35
871,301,2,10
872,302,2,15
873,304,2,55
874,306,2,90
875,307,2,80
876,308,2,90
877,309,2,85
878,310,2,90
879,311,2,90
880,312,2,85
881,313,2,65
882,316,2,10
883,317,2,90
884,318,2,15
885,319,2,10
886,321,2,40
887,322,2,15
888,323,2,10
889,325,2,40
890,326,2,85
891,327,2,85
892,328,2,80
893,330,2,10
894,331,2,100
895,332,2,55
896,334,2,65
897,335,2,100
898,336,2,15
899,337,2,10
900,338,2,60
901,339,2,80
902,340,2,10
903,341,2,55
904,342,2,100
905,343,2,15
906,344,2,10
907,345,2,65
908,347,2,15
909,348,2,100
910,349,2,35
911,350,2,10
912,351,2,10
913,352,2,65
914,353,2,30
915,355,2,55
916,356,2,85
917,357,2,65
918,358,2,50
919,360,2,55
920,361,2,35
921,364,2,15
922,365,2,10
923,367,2,35
924,368,2,80
925,369,2,10
926,370,2,10
927,371,2,60
928,375,2,45
929,376,2,40
930,377,2,10
931,379,2,10
932,381,2,15
933,382,2,10
934,383,2,15
935,384,2,10
936,385,2,20
937,386,2,100
938,387,2,40
939,388,2,10
940,389,2,40
941,391,2,50
942,392,2,65
943,393,2,10
944,394,2,10
945,395,2,10
946,396,2,10
947,397,2,5
948,398,2,45
949,399,2,55
950,400,2,10
951,402,2,100
952,403,2,90
953,404,2,20
954,405,2,40
955,407,2,95
956,408,2,35
957,410,2,80
958,412,2,45
959,413,2,75
960,414,2,30
961,415,2,10
962,416,2,5
963,418,2,20
964,419,2,55
965,420,2,10
966,421,2,10
967,422,2,10
968,423,2,55
969,424,2,100
970,425,2,35
971,426,2,55
972,427,2,100
973,428,2,65
974,429,2,10
975,430,2,100
976,431,2,65
977,433,2,40
978,434,2,10
979,435,2,65
980,436,2,40
981,437,2,35
982,438,2,80
983,439,2,50
984,440,2,100
985,441,2,100
986,442,2,20
987,443,2,35
988,444,2,45
989,445,2,30
990,446,2,10
991,447,2,95
992,448,2,85
993,450,2,75
994,451,2,95
995,452,2,10
996,453,2,10
997,454,2,90
998,455,2,10
999,456,2,35
1000,457,2,10
1001,458,2,85
1002,459,2,65
1003,460,2,55
1004,461,2,85
1005,463,2,10
1006,464,2,10
1007,465,2,15
1008,466,2,30
1009,467,2,70
1010,469,2,35
1011,470,2,85
1012,471,2,10
1013,472,2,35
1014,473,2,10
1015,474,2,85
1016,475,2,50
1017,476,2,25
1018,477,2,35
1019,478,2,20
1020,479,2,85
1021,481,2,100
1022,482,2,40
1023,483,2,75
1024,484,2,100
1025,485,2,10
1026,486,2,40
1027,487,2,70
1028,488,2,60
1029,489,2,50
1030,490,2,30
1031,491,2,10
1032,492,2,85
1033,493,2,65
1034,494,2,15
1035,495,2,10
1036,496,2,15
1037,498,2,85
1038,499,2,75
1039,500,2,90
1040,502,2,55
1041,503,2,10
1042,504,2,15
1043,505,2,10
1044,506,2,15
1045,507,2,55
1046,508,2,5
1047,509,2,45
1048,510,2,20
1049,511,2,85
1050,513,2,85
1051,514,2,10
1052,515,2,70
1053,517,2,100
1054,518,2,100
1055,519,2,100
1056,520,2,15
1057,521,2,85
1058,523,2,20
1059,524,2,30
1060,525,2,15
1061,528,2,45
1062,529,2,10
1063,530,2,60
1064,531,2,35
1065,532,2,10
1066,533,2,10
1067,534,2,100
1068,535,2,60
1069,537,2,65
1070,538,2,10
1071,539,2,15
1072,540,2,75
1073,541,2,100
1074,542,2,80
1075,543,2,30
1076,544,2,10
1077,545,2,10
1078,546,2,40
1079,547,2,35
1080,548,2,20
1081,549,2,10
1082,550,2,10
1083,551,2,15
1084,552,2,40
1085,554,2,15
1086,555,2,30
1087,556,2,10
1088,557,2,30
1089,558,2,5
1090,560,2,20
1091,561,2,10
1092,562,2,10
1093,563,2,85
1094,565,2,15
1095,566,2,100
1096,567,2,10
1097,568,2,15
1098,569,2,10
1099,574,2,10
1100,575,2,80
1101,576,2,15
1102,577,2,10
1103,578,2,10
1104,580,2,15
1105,581,2,15
1106,582,2,15
1107,583,2,10
1108,584,2,10
1109,585,2,35
1110,586,2,5
1111,587,2,10
1112,589,2,10
1113,590,2,50
1114,591,2,10
1115,592,2,75
1116,593,2,80
1117,594,2,10
1118,595,2,85
1119,596,2,70
1120,597,2,10
1121,598,2,55
1122,599,2,55
1123,600,2,10
1124,601,2,30
1125,602,2,55
1126,603,2,85
1127,604,2,100
1128,606,2,15
1129,607,2,10
1130,608,2,10
1131,609,2,15
1132,610,2,50
1133,611,2,100
1134,612,2,100
1135,614,2,75
1136,615,2,10
1137,616,2,10
1138,618,2,90
1139,619,2,50
1140,621,2,50
1141,622,2,100
1142,623,2,30
1143,625,2,85
1144,626,2,65
1145,628,2,10
1146,629,2,85
1147,631,2,35
1148,632,2,35
1149,633,2,95
1150,634,2,40
1151,635,2,20
1152,636,2,75
1153,637,2,100
1154,640,2,10
1155,641,2,75
1156,642,2,40
1157,643,2,55
1158,644,2,55
1159,646,2,45
1160,648,2,50
1161,650,2,20
1162,653,2,20
1163,654,2,85
1164,655,2,80
1165,656,2,80
1166,657,2,10
1167,658,2,85
1168,659,2,10
1169,660,2,100
1170,661,2,10
1171,662,2,10
1172,663,2,65
1173,664,2,95
1174,665,2,100
1175,666,2,100
1176,667,2,100
1177,668,2,100
1178,669,2,95
1179,670,2,20
1180,671,2,10
1181,672,2,70
1182,673,2,35
1183,674,2,35
1184,675,2,80
1185,676,2,65
1186,677,2,15
1187,678,2,10
1188,679,2,100
1189,680,2,100
1190,682,2,15
1191,683,2,100
1192,684,2,85
1193,685,2,100
1194,686,2,85
1195,687,2,35
1196,690,2,80
1197,691,2,85
1198,692,2,75
1199,693,2,35
1200,694,2,10
1201,696,2,35
1202,698,2,55
1203,700,2,100
1204,701,2,10
1205,702,2,65
1206,703,2,10
1207,704,2,80
1208,706,2,80
1209,709,2,85
1210,710,2,10
1211,711,2,100
1212,712,2,60
1213,713,2,60
1214,714,2,75
1215,715,2,60
1216,717,2,10
1217,719,2,65
1218,720,2,65
1219,721,2,10
1220,724,2,40
1221,725,2,70
1222,726,2,25
1223,727,2,30
1224,728,2,80
1225,730,2,40
1226,731,2,10
1227,732,2,75
1228,733,2,20
1229,734,2,80
1230,735,2,65
1231,736,2,10
1232,737,2,45
1233,738,2,35
1234,741,2,20
1235,742,2,35
1236,743,2,90
1237,744,2,100
1238,745,2,100
1239,747,2,10
1240,748,2,25
1241,749,2,55
1242,752,2,10
1243,753,2,100
1244,754,2,55
1245,756,2,10
1246,1,3,45
1247,2,3,20
1248,3,3,35
1249,4,3,55
1250,5,3,55
1251,6,3,85
1252,8,3,15
1253,9,3,35
1254,10,3,45
1255,11,3,15
1256,12,3,40
1257,13,3,100
1258,16,3,45
1259,17,3,40
1260,18,3,20
1261,19,3,45
1262,21,3,85
1263,22,3,35
1264,23,3,30
1265,24,3,60
1266,26,3,25
1267,27,3,30
1268,28,3,100
1269,29,3,50
1270,30,3,50
1271,31,3,25
1272,32,3,20
1273,34,3,55
1274,35,3,65
1275,36,3,35
1276,37,3,15
1277,38,3,45
1278,39,3,80
1279,40,3,50
1280,41,3,60
1281,42,3,25
1282,43,3,100
1283,45,3,35
1284,44,3,75
1285,46,3,15
1286,47,3,15
1287,48,3,60
1288,51,3,25
1289,53,3,25
1290,50,3,45
1291,52,3,45
1292,54,3,75
1293,55,3,25
1294,56,3,35
1295,58,3,55
1296,59,3,100
1297,60,3,50
1298,61,3,20
1299,62,3,95
1300,63,3,35
1301,64,3,25
1302,65,3,60
1303,66,3,25
1304,67,3,50
1305,68,3,35
1306,69,3,70
1307,70,3,30
1308,72,3,25
1309,73,3,30
1310,75,3,30
1311,74,3,35
1312,76,3,35
1313,79,3,40
1314,80,3,50
1315,81,3,65
1316,82,3,100
1317,83,3,35
1318,84,3,100
1319,85,3,60
1320,86,3,80
1321,87,3,15
1322,88,3,25
1323,89,3,35
1324,91,3,100
1325,92,3,35
1326,93,3,35
1327,96,3,70
1328,97,3,25
1329,98,3,100
1330,100,3,95
1331,101,3,100
1332,102,3,35
1333,103,3,35
1334,104,3,35
1335,105,3,100
1336,107,3,10
1337,108,3,55
1338,109,3,35
1339,110,3,50
1340,111,3,30
1341,113,3,80
1342,114,3,45
1343,115,3,35
1344,116,3,10
1345,117,3,40
1346,120,3,20
1347,121,3,60
1348,122,3,30
1349,123,3,25
1350,124,3,35
1351,125,3,50
1352,126,3,65
1353,127,3,80
1354,128,3,55
1355,129,3,60
1356,130,3,40
1357,132,3,80
1358,133,3,15
1359,135,3,45
1360,138,3,25
1361,139,3,65
1362,140,3,25
1363,141,3,50
1364,143,3,25
1365,144,3,45
1366,145,3,25
1367,146,3,25
1368,148,3,10
1369,149,3,25
1370,150,3,25
1371,151,3,25
1372,153,3,40
1373,154,3,85
1374,155,3,50
1375,156,3,20
1376,157,3,75
1377,158,3,85
1378,159,3,85
1379,162,3,30
1380,164,3,75
1381,165,3,95
1382,167,3,80
1383,169,3,35
1384,171,3,55
1385,172,3,70
1386,173,3,20
1387,175,3,20
1388,176,3,25
1389,177,3,45
1390,178,3,45
1391,179,3,90
1392,180,3,25
1393,183,3,35
1394,184,3,15
1395,185,3,45
1396,186,3,50
1397,187,3,20
1398,188,3,60
1399,191,3,35
1400,192,3,25
1401,193,3,45
1402,194,3,10
1403,195,3,40
1404,196,3,60
1405,197,3,15
1406,199,3,75
1407,200,3,45
1408,201,3,95
1409,202,3,25
1410,203,3,40
1411,204,3,35
1412,206,3,10
1413,208,3,35
1414,209,3,25
1415,210,3,85
1416,212,3,35
1417,213,3,50
1418,214,3,35
1419,215,3,95
1420,216,3,25
1421,217,3,35
1422,218,3,35
1423,220,3,25
1424,221,3,30
1425,222,3,35
1426,223,3,45
1427,224,3,60
1428,225,3,25
1429,226,3,15
1430,227,3,35
1431,228,3,20
1432,229,3,55
1433,230,3,25
1434,231,3,35
1435,232,3,15
1436,233,3,30
1437,234,3,50
1438,235,3,85
1439,236,3,70
1440,237,3,60
1441,238,3,85
1442,239,3,45
1443,240,3,25
1444,241,3,85
1445,242,3,35
1446,243,3,50
1447,244,3,30
1448,245,3,15
1449,246,3,35
1450,247,3,35
1451,248,3,25
1452,249,3,85
1453,252,3,20
1454,253,3,50
1455,254,3,35
1456,255,3,30
1457,257,3,50
1458,258,3,85
1459,259,3,75
1460,260,3,45
1461,262,3,25
1462,263,3,40
1463,264,3,75
1464,265,3,55
1465,266,3,60
1466,267,3,60
1467,268,3,70
1468,269,3,100
1469,271,3,100
1470,272,3,100
1471,273,3,100
1472,274,3,15
1473,275,3,50
1474,276,3,5
1475,277,3,35
1476,278,3,50
1477,280,3,25
1478,281,3,45
1479,282,3,65
1480,283,3,10
1481,284,3,100
1482,285,3,75
1483,287,3,95
1484,288,3,40
1485,290,3,25
1486,291,3,100
1487,292,3,25
1488,293,3,55
1489,294,3,50
1490,295,3,75
1491,298,3,35
1492,299,3,90
1493,300,3,35
1494,301,3,15
1495,302,3,35
1496,304,3,40
1497,306,3,85
1498,307,3,25
1499,308,3,55
1500,309,3,45
1501,310,3,45
1502,311,3,50
1503,312,3,35
1504,313,3,65
1505,316,3,20
1506,317,3,70
1507,318,3,35
1508,319,3,25
1509,321,3,35
1510,322,3,25
1511,323,3,10
1512,325,3,60
1513,326,3,85
1514,327,3,90
1515,328,3,85
1516,330,3,20
1517,331,3,50
1518,332,3,25
1519,334,3,60
1520,335,3,50
1521,336,3,95
1522,337,3,30
1523,338,3,60
1524,339,3,80
1525,340,3,15
1526,341,3,55
1527,342,3,65
1528,343,3,65
1529,344,3,25
1530,345,3,35
1531,347,3,25
1532,348,3,100
1533,349,3,55
1534,350,3,100
1535,351,3,20
1536,352,3,50
1537,353,3,20
1538,355,3,35
1539,356,3,60
1540,357,3,25
1541,358,3,75
1542,360,3,100
1543,361,3,70
1544,364,3,20
1545,365,3,35
1546,367,3,25
1547,368,3,25
1548,369,3,20
1549,370,3,35
1550,371,3,100
1551,375,3,45
1552,376,3,25
1553,377,3,10
1554,379,3,10
1555,381,3,35
1556,382,3,15
1557,383,3,30
1558,384,3,25
1559,385,3,40
1560,386,3,45
1561,387,3,20
1562,388,3,35
1563,389,3,50
1564,391,3,60
1565,392,3,70
1566,393,3,25
1567,394,3,25
1568,395,3,15
1569,396,3,25
1570,397,3,95
1571,398,3,100
1572,399,3,35
1573,400,3,15
1574,402,3,75
1575,403,3,50
1576,404,3,25
1577,405,3,35
1578,407,3,65
1579,408,3,25
1580,410,3,100
1581,412,3,35
1582,413,3,80
1583,414,3,45
1584,415,3,15
1585,416,3,15
1586,418,3,50
1587,419,3,25
1588,420,3,35
1589,421,3,25
1590,422,3,25
1591,423,3,35
1592,424,3,100
1593,425,3,30
1594,426,3,60
1595,427,3,55
1596,428,3,50
1597,429,3,30
1598,430,3,85
1599,431,3,30
1600,433,3,45
1601,434,3,85
1602,435,3,50
1603,436,3,60
1604,437,3,35
1605,438,3,30
1606,439,3,25
1607,440,3,70
1608,441,3,100
1609,442,3,50
1610,443,3,10
1611,444,3,35
1612,445,3,25
1613,446,3,35
1614,447,3,95
1615,448,3,50
1616,450,3,35
1617,451,3,85
1618,452,3,15
1619,453,3,15
1620,454,3,35
1621,455,3,15
1622,456,3,35
1623,457,3,15
1624,458,3,35
1625,459,3,80
1626,460,3,25
1627,461,3,70
1628,463,3,50
1629,464,3,15
1630,465,3,50
1631,466,3,30
1632,467,3,50
1633,469,3,25
1634,470,3,60
1635,471,3,20
1636,472,3,15
1637,473,3,20
1638,474,3,100
1639,475,3,50
1640,476,3,35
1641,477,3,40
1642,478,3,25
1643,479,3,85
1644,481,3,70
1645,482,3,35
1646,483,3,25
1647,484,3,100
1648,485,3,35
1649,486,3,25
1650,487,3,50
1651,488,3,35
1652,489,3,40
1653,490,3,15
1654,491,3,10
1655,492,3,35
1656,493,3,25
1657,494,3,25
1658,495,3,20
1659,496,3,25
1660,498,3,45
1661,499,3,50
1662,500,3,75
1663,502,3,15
1664,503,3,10
1665,504,3,25
1666,505,3,50
1667,506,3,35
1668,507,3,35
1669,508,3,10
1670,509,3,40
1671,510,3,85
1672,511,3,75
1673,513,3,70
1674,514,3,35
1675,515,3,50
1676,517,3,95
1677,518,3,100
1678,519,3,35
1679,520,3,25
1680,521,3,60
1681,523,3,35
1682,524,3,20
1683,525,3,25
1684,528,3,70
1685,529,3,15
1686,530,3,100
1687,531,3,35
1688,532,3,25
1689,533,3,25
1690,534,3,85
1691,535,3,25
1692,537,3,25
1693,538,3,25
1694,539,3,30
1695,540,3,45
1696,541,3,100
1697,542,3,40
1698,543,3,25
1699,544,3,15
1700,545,3,100
1701,546,3,25
1702,547,3,25
1703,548,3,25
1704,549,3,10
1705,550,3,15
1706,551,3,20
1707,552,3,50
1708,554,3,30
1709,555,3,100
1710,556,3,15
1711,557,3,35
1712,558,3,10
1713,560,3,50
1714,561,3,30
1715,562,3,95
1716,563,3,80
1717,565,3,25
1718,566,3,50
1719,567,3,25
1720,568,3,30
1721,569,3,15
1722,574,3,25
1723,575,3,45
1724,576,3,25
1725,577,3,15
1726,578,3,10
1727,580,3,30
1728,581,3,30
1729,582,3,30
1730,583,3,35
1731,584,3,25
1732,585,3,15
1733,586,3,25
1734,587,3,15
1735,589,3,30
1736,590,3,40
1737,591,3,15
1738,592,3,50
1739,593,3,25
1740,594,3,50
1741,595,3,35
1742,596,3,55
1743,597,3,15
1744,598,3,60
1745,599,3,60
1746,600,3,30
1747,601,3,45
1748,602,3,60
1749,603,3,15
1750,604,3,100
1751,606,3,30
1752,607,3,70
1753,608,3,25
1754,609,3,30
1755,610,3,45
1756,611,3,90
1757,612,3,45
1758,614,3,25
1759,615,3,25
1760,616,3,25
1761,618,3,70
1762,619,3,75
1763,621,3,70
1764,622,3,100
1765,623,3,35
1766,625,3,55
1767,626,3,80
1768,628,3,50
1769,629,3,30
1770,631,3,30
1771,632,3,25
1772,633,3,15
1773,634,3,30
1774,635,3,35
1775,636,3,50
1776,637,3,100
1777,640,3,35
1778,641,3,70
1779,642,3,60
1780,643,3,65
1781,644,3,70
1782,646,3,45
1783,648,3,30
1784,650,3,20
1785,653,3,35
1786,654,3,100
1787,655,3,35
1788,656,3,50
1789,657,3,45
1790,658,3,55
1791,659,3,55
1792,660,3,85
1793,661,3,50
1794,662,3,10
1795,663,3,35
1796,664,3,85
1797,665,3,100
1798,666,3,100
1799,667,3,100
1800,668,3,60
1801,669,3,25
1802,670,3,50
1803,671,3,15
1804,672,3,25
1805,673,3,35
1806,674,3,20
1807,675,3,25
1808,676,3,30
1809,677,3,50
1810,678,3,45
1811,679,3,35
1812,680,3,35
1813,682,3,20
1814,683,3,100
1815,684,3,25
1816,685,3,85
1817,686,3,70
1818,687,3,30
1819,690,3,70
1820,691,3,35
1821,692,3,50
1822,693,3,55
1823,694,3,25
1824,696,3,60
1825,698,3,65
1826,700,3,85
1827,701,3,25
1828,702,3,50
1829,703,3,15
1830,704,3,35
1831,706,3,25
1832,709,3,75
1833,710,3,75
1834,711,3,95
1835,712,3,65
1836,713,3,50
1837,714,3,35
1838,715,3,65
1839,717,3,20
1840,719,3,55
1841,720,3,25
1842,721,3,15
1843,724,3,50
1844,725,3,75
1845,726,3,45
1846,727,3,10
1847,728,3,65
1848,730,3,80
1849,731,3,25
1850,732,3,50
1851,733,3,60
1852,734,3,70
1853,735,3,65
1854,736,3,35
1855,737,3,45
1856,738,3,25
1857,741,3,35
1858,742,3,50
1859,743,3,25
1860,744,3,55
1861,745,3,80
1862,747,3,15
1863,748,3,45
1864,749,3,55
1865,752,3,35
1866,753,3,30
1867,754,3,35
1868,756,3,100
1869,1,4,45
1870,2,4,20
1871,3,4,35
1872,4,4,55
1873,5,4,55
1874,6,4,85
1875,8,4,15
1876,9,4,35
1877,10,4,45
1878,11,4,15
1879,12,4,40
1880,13,4,100
1881,16,4,45
1882,17,4,40
1883,18,4,20
1884,19,4,45
1885,21,4,85
1886,22,4,35
1887,23,4,30
1888,24,4,60
1889,26,4,25
1890,27,4,30
1891,28,4,100
1892,29,4,50
1893,30,4,50
1894,31,4,25
1895,32,4,20
1896,34,4,55
1897,35,4,65
1898,36,4,35
1899,37,4,15
1900,38,4,45
1901,39,4,80
1902,40,4,50
1903,41,4,60
1904,42,4,25
1905,43,4,100
1906,45,4,35
1907,44,4,75
1908,46,4,15
1909,47,4,15
1910,48,4,60
1911,51,4,25
1912,53,4,25
1913,50,4,45
1914,52,4,45
1915,54,4,75
1916,55,4,25
1917,56,4,35
1918,58,4,55
1919,59,4,100
1920,60,4,50
1921,61,4,20
1922,62,4,95
1923,63,4,35
1924,64,4,25
1925,65,4,60
1926,66,4,25
1927,67,4,50
1928,68,4,35
1929,69,4,70
1930,70,4,30
1931,72,4,25
1932,73,4,30
1933,75,4,30
1934,74,4,35
1935,76,4,35
1936,79,4,40
1937,80,4,50
1938,81,4,65
1939,82,4,100
1940,83,4,35
1941,84,4,100
1942,85,4,60
1943,86,4,80
1944,87,4,15
1945,88,4,25
1946,89,4,35
1947,91,4,100
1948,92,4,35
1949,93,4,35
1950,96,4,70
1951,97,4,25
1952,98,4,100
1953,100,4,95
1954,101,4,100
1955,102,4,35
1956,103,4,35
1957,104,4,35
1958,105,4,100
1959,107,4,10
1960,108,4,55
1961,109,4,35
1962,110,4,50
1963,111,4,30
1964,113,4,80
1965,114,4,45
1966,115,4,35
1967,116,4,10
1968,117,4,40
1969,120,4,20
1970,121,4,60
1971,122,4,30
1972,123,4,25
1973,124,4,35
1974,125,4,50
1975,126,4,65
1976,127,4,80
1977,128,4,55
1978,129,4,60
1979,130,4,40
1980,132,4,80
1981,133,4,15
1982,135,4,45
1983,138,4,25
1984,139,4,65
1985,140,4,25
1986,141,4,50
1987,143,4,25
1988,144,4,45
1989,145,4,25
1990,146,4,25
1991,148,4,10
1992,149,4,25
1993,150,4,25
1994,151,4,25
1995,153,4,40
1996,154,4,85
1997,155,4,50
1998,156,4,20
1999,157,4,75
2000,158,4,85
2001,159,4,85
2002,162,4,30
2003,164,4,75
2004,165,4,95
2005,167,4,80
2006,169,4,35
2007,171,4,55
2008,172,4,70
2009,173,4,20
2010,175,4,20
2011,176,4,25
2012,177,4,45
2013,178,4,45
2014,179,4,90
2015,180,4,25
2016,183,4,35
2017,184,4,15
2018,185,4,45
2019,186,4,50
2020,187,4,20
2021,188,4,60
2022,191,4,35
2023,192,4,25
2024,193,4,45
2025,194,4,10
2026,195,4,40
2027,196,4,60
2028,197,4,15
2029,199,4,75
2030,200,4,45
2031,201,4,95
2032,202,4,25
2033,203,4,40
2034,204,4,35
2035,206,4,10
2036,208,4,35
2037,209,4,25
2038,210,4,85
2039,212,4,35
2040,213,4,50
2041,214,4,35
2042,215,4,95
2043,216,4,25
2044,217,4,35
2045,218,4,35
2046,220,4,25
2047,221,4,30
2048,222,4,35
2049,223,4,45
2050,224,4,60
2051,225,4,25
2052,226,4,15
2053,227,4,35
2054,228,4,20
2055,229,4,55
2056,230,4,25
2057,231,4,35
2058,232,4,15
2059,233,4,30
2060,234,4,50
2061,235,4,85
2062,236,4,70
2063,237,4,60
2064,238,4,85
2065,239,4,45
2066,240,4,25
2067,241,4,85
2068,242,4,35
2069,243,4,50
2070,244,4,30
2071,245,4,15
2072,246,4,35
2073,247,4,35
2074,248,4,25
2075,249,4,85
2076,252,4,20
2077,253,4,50
2078,254,4,35
2079,255,4,30
2080,257,4,50
2081,258,4,85
2082,259,4,75
2083,260,4,45
2084,262,4,25
2085,263,4,40
2086,264,4,75
2087,265,4,55
2088,266,4,60
2089,267,4,60
2090,268,4,70
2091,269,4,100
2092,271,4,100
2093,272,4,100
2094,273,4,100
2095,274,4,15
2096,275,4,50
2097,276,4,5
2098,277,4,35
2099,278,4,50
2100,280,4,25
2101,281,4,45
2102,282,4,65
2103,283,4,10
2104,284,4,100
2105,285,4,75
2106,287,4,95
2107,288,4,40
2108,290,4,25
2109,291,4,100
2110,292,4,25
2111,293,4,55
2112,294,4,50
2113,295,4,75
2114,298,4,35
2115,299,4,90
2116,300,4,35
2117,301,4,15
2118,302,4,35
2119,304,4,40
2120,306,4,85
2121,307,4,25
2122,308,4,55
2123,309,4,45
2124,310,4,45
2125,311,4,50
2126,312,4,35
2127,313,4,65
2128,316,4,20
2129,317,4,70
2130,318,4,35
2131,319,4,25
2132,321,4,35
2133,322,4,25
2134,323,4,10
2135,325,4,60
2136,326,4,85
2137,327,4,90
2138,328,4,85
2139,330,4,20
2140,331,4,50
2141,332,4,25
2142,334,4,60
2143,335,4,50
2144,336,4,95
2145,337,4,30
2146,338,4,60
2147,339,4,80
2148,340,4,15
2149,341,4,55
2150,342,4,65
2151,343,4,65
2152,344,4,25
2153,345,4,35
2154,347,4,25
2155,348,4,100
2156,349,4,55
2157,350,4,100
2158,351,4,20
2159,352,4,50
2160,353,4,20
2161,355,4,35
2162,356,4,60
2163,357,4,25
2164,358,4,75
2165,360,4,100
2166,361,4,70
2167,364,4,20
2168,365,4,35
2169,367,4,25
2170,368,4,25
2171,369,4,20
2172,370,4,35
2173,371,4,100
2174,375,4,45
2175,376,4,25
2176,377,4,10
2177,379,4,10
2178,381,4,35
2179,382,4,15
2180,383,4,30
2181,384,4,25
2182,385,4,40
2183,386,4,45
2184,387,4,20
2185,388,4,35
2186,389,4,50
2187,391,4,60
2188,392,4,70
2189,393,4,25
2190,394,4,25
2191,395,4,15
2192,396,4,25
2193,397,4,95
2194,398,4,100
2195,399,4,35
2196,400,4,15
2197,402,4,75
2198,403,4,50
2199,404,4,25
2200,405,4,35
2201,407,4,65
2202,408,4,25
2203,410,4,100
2204,412,4,35
2205,413,4,80
2206,414,4,45
2207,415,4,15
2208,416,4,15
2209,418,4,50
2210,419,4,25
2211,420,4,35
2212,421,4,25
2213,422,4,25
2214,423,4,35
2215,424,4,100
2216,425,4,30
2217,426,4,60
2218,427,4,55
2219,428,4,50
2220,429,4,30
2221,430,4,85
2222,431,4,30
2223,433,4,45
2224,434,4,85
2225,435,4,50
2226,436,4,60
2227,437,4,35
2228,438,4,30
2229,439,4,25
2230,440,4,70
2231,441,4,100
2232,442,4,50
2233,443,4,10
2234,444,4,35
2235,445,4,25
2236,446,4,35
2237,447,4,95
2238,448,4,50
2239,450,4,35
2240,451,4,85
2241,452,4,15
2242,453,4,15
2243,454,4,35
2244,455,4,15
2245,456,4,35
2246,457,4,15
2247,458,4,35
2248,459,4,80
2249,460,4,25
2250,461,4,70
2251,463,4,50
2252,464,4,15
2253,465,4,50
2254,466,4,30
2255,467,4,50
2256,469,4,25
2257,470,4,60
2258,471,4,20
2259,472,4,15
2260,473,4,20
2261,474,4,100
2262,475,4,50
2263,476,4,35
2264,477,4,40
2265,478,4,25
2266,479,4,85
2267,481,4,70
2268,482,4,35
2269,483,4,25
2270,484,4,100
2271,485,4,35
2272,486,4,25
2273,487,4,50
2274,488,4,35
2275,489,4,40
2276,490,4,15
2277,491,4,10
2278,492,4,35
2279,493,4,25
2280,494,4,25
2281,495,4,20
2282,496,4,25
2283,498,4,45
2284,499,4,50
2285,500,4,75
2286,502,4,15
2287,503,4,10
2288,504,4,25
2289,505,4,50
2290,506,4,35
2291,507,4,35
2292,508,4,10
2293,509,4,40
2294,510,4,85
2295,511,4,75
2296,513,4,70
2297,514,4,35
2298,515,4,50
2299,517,4,95
2300,518,4,100
2301,519,4,35
2302,520,4,25
2303,521,4,60
2304,523,4,35
2305,524,4,20
2306,525,4,25
2307,528,4,70
2308,529,4,15
2309,530,4,100
2310,531,4,35
2311,532,4,25
2312,533,4,25
2313,534,4,85
2314,535,4,25
2315,537,4,25
2316,538,4,25
2317,539,4,30
2318,540,4,45
2319,541,4,100
2320,542,4,40
2321,543,4,25
2322,544,4,15
2323,545,4,100
2324,546,4,25
2325,547,4,25
2326,548,4,25
2327,549,4,10
2328,550,4,15
2329,551,4,20
2330,552,4,50
2331,554,4,30
2332,555,4,100
2333,556,4,15
2334,557,4,35
2335,558,4,10
2336,560,4,50
2337,561,4,30
2338,562,4,95
2339,563,4,80
2340,565,4,25
2341,566,4,50
2342,567,4,25
2343,568,4,30
2344,569,4,15
2345,574,4,25
2346,575,4,45
2347,576,4,25
2348,577,4,15
2349,578,4,10
2350,580,4,30
2351,581,4,30
2352,582,4,30
2353,583,4,35
2354,584,4,25
2355,585,4,15
2356,586,4,25
2357,587,4,15
2358,589,4,30
2359,590,4,40
2360,591,4,15
2361,592,4,50
2362,593,4,25
2363,594,4,50
2364,595,4,35
2365,596,4,55
2366,597,4,15
2367,598,4,60
2368,599,4,60
2369,600,4,30
2370,601,4,45
2371,602,4,60
2372,603,4,15
2373,604,4,100
2374,606,4,30
2375,607,4,70
2376,608,4,25
2377,609,4,30
2378,610,4,45
2379,611,4,90
2380,612,4,45
2381,614,4,25
2382,615,4,25
2383,616,4,25
2384,618,4,70
2385,619,4,75
2386,621,4,70
2387,622,4,100
2388,623,4,35
2389,625,4,55
2390,626,4,80
2391,628,4,50
2392,629,4,30
2393,631,4,30
2394,632,4,25
2395,633,4,15
2396,634,4,30
2397,635,4,35
2398,636,4,50
2399,637,4,100
2400,640,4,35
2401,641,4,70
2402,642,4,60
2403,643,4,65
2404,644,4,70
2405,646,4,45
2406,648,4,30
2407,650,4,20
2408,653,4,35
2409,654,4,100
2410,655,4,35
2411,656,4,50
2412,657,4,45
2413,658,4,55
2414,659,4,55
2415,660,4,85
2416,661,4,50
2417,662,4,10
2418,663,4,35
2419,664,4,85
2420,665,4,100
2421,666,4,100
2422,667,4,100
2423,668,4,60
2424,669,4,25
2425,670,4,50
2426,671,4,15
2427,672,4,25
2428,673,4,35
2429,674,4,20
2430,675,4,25
2431,676,4,30
2432,677,4,50
2433,678,4,45
2434,679,4,35
2435,680,4,35
2436,682,4,20
2437,683,4,100
2438,684,4,25
2439,685,4,85
2440,686,4,70
2441,687,4,30
2442,690,4,70
2443,691,4,35
2444,692,4,50
2445,693,4,55
2446,694,4,25
2447,696,4,60
2448,698,4,65
2449,700,4,85
2450,701,4,25
2451,702,4,50
2452,703,4,15
2453,704,4,35
2454,706,4,25
2455,709,4,75
2456,710,4,75
2457,711,4,95
2458,712,4,65
2459,713,4,50
2460,714,4,35
2461,715,4,65
2462,717,4,20
2463,719,4,55
2464,720,4,25
2465,721,4,15
2466,724,4,50
2467,725,4,75
2468,726,4,45
2469,727,4,10
2470,728,4,65
2471,730,4,80
2472,731,4,25
2473,732,4,50
2474,733,4,60
2475,734,4,70
2476,735,4,65
2477,736,4,35
2478,737,4,45
2479,738,4,25
2480,741,4,35
2481,742,4,50
2482,743,4,25
2483,744,4,55
2484,745,4,80
2485,747,4,15
2486,748,4,45
2487,749,4,55
2488,752,4,35
2489,753,4,30
2490,754,4,35
2491,756,4,100
2492,1,5,45
2493,2,5,20
2494,3,5,35
2495,4,5,55
2496,5,5,55
2497,6,5,85
2498,8,5,15
2499,9,5,35
2500,10,5,45
2501,11,5,15
2502,12,5,40
2503,13,5,100
2504,16,5,45
2505,17,5,40
2506,18,5,20
2507,19,5,45
2508,21,5,85
2509,22,5,35
2510,23,5,30
2511,24,5,60
2512,26,5,25
2513,27,5,30
2514,28,5,100
2515,29,5,50
2516,30,5,50
2517,31,5,25
2518,32,5,20
2519,34,5,55
2520,35,5,65
2521,36,5,35
2522,37,5,15
2523,38,5,45
2524,39,5,80
2525,40,5,50
2526,41,5,60
2527,42,5,25
2528,43,5,100
2529,45,5,35
2530,44,5,75
2531,46,5,15
2532,47,5,15
2533,48,5,60
2534,51,5,25
2535,53,5,25
2536,50,5,45
2537,52,5,45
2538,54,5,75
2539,55,5,25
2540,56,5,35
2541,58,5,55
2542,59,5,100
2543,60,5,50
2544,61,5,20
2545,62,5,95
2546,63,5,35
2547,64,5,25
2548,65,5,60
2549,66,5,25
2550,67,5,50
2551,68,5,35
2552,69,5,70
2553,70,5,30
2554,72,5,25
2555,73,5,30
2556,75,5,30
2557,74,5,35
2558,76,5,35
2559,79,5,40
2560,80,5,50
2561,81,5,65
2562,82,5,100
2563,83,5,35
2564,84,5,100
2565,85,5,60
2566,86,5,80
2567,87,5,15
2568,88,5,25
2569,89,5,35
2570,91,5,100
2571,92,5,35
2572,93,5,35
2573,96,5,70
2574,97,5,25
2575,98,5,100
2576,100,5,95
2577,101,5,100
2578,102,5,35
2579,103,5,35
2580,104,5,35
2581,105,5,100
2582,107,5,10
2583,108,5,55
2584,109,5,35
2585,110,5,50
2586,111,5,30
2587,113,5,80
2588,114,5,45
2589,115,5,35
2590,116,5,10
2591,117,5,40
2592,120,5,20
2593,121,5,60
2594,122,5,30
2595,123,5,25
2596,124,5,35
2597,125,5,50
2598,126,5,65
2599,127,5,80
2600,128,5,55
2601,129,5,60
2602,130,5,40
2603,132,5,80
2604,133,5,15
2605,135,5,45
2606,138,5,25
2607,139,5,65
2608,140,5,25
2609,141,5,50
2610,143,5,25
2611,144,5,45
2612,145,5,25
2613,146,5,25
2614,148,5,10
2615,149,5,25
2616,150,5,25
2617,151,5,25
2618,153,5,40
2619,154,5,85
2620,155,5,50
2621,156,5,20
2622,157,5,75
2623,158,5,85
2624,159,5,85
2625,162,5,30
2626,164,5,75
2627,165,5,95
2628,167,5,80
2629,169,5,35
2630,171,5,55
2631,172,5,70
2632,173,5,20
2633,175,5,20
2634,176,5,25
2635,177,5,45
2636,178,5,45
2637,179,5,90
2638,180,5,25
2639,183,5,35
2640,184,5,15
2641,185,5,45
2642,186,5,50
2643,187,5,20
2644,188,5,60
2645,191,5,35
2646,192,5,25
2647,193,5,45
2648,194,5,10
2649,195,5,40
2650,196,5,60
2651,197,5,15
2652,199,5,75
2653,200,5,45
2654,201,5,95
2655,202,5,25
2656,203,5,40
2657,204,5,35
2658,206,5,10
2659,208,5,35
2660,209,5,25
2661,210,5,85
2662,212,5,35
2663,213,5,50
2664,214,5,35
2665,215,5,95
2666,216,5,25
2667,217,5,35
2668,218,5,35
2669,220,5,25
2670,221,5,30
2671,222,5,35
2672,223,5,45
2673,224,5,60
2674,225,5,25
2675,226,5,15
2676,227,5,35
2677,228,5,20
2678,229,5,55
2679,230,5,25
2680,231,5,35
2681,232,5,15
2682,233,5,30
2683,234,5,50
2684,235,5,85
2685,236,5,70
2686,237,5,60
2687,238,5,85
2688,239,5,45
2689,240,5,25
2690,241,5,85
2691,242,5,35
2692,243,5,50
2693,244,5,30
2694,245,5,15
2695,246,5,35
2696,247,5,35
2697,248,5,25
2698,249,5,85
2699,252,5,20
2700,253,5,50
2701,254,5,35
2702,255,5,30
2703,257,5,50
2704,258,5,85
2705,259,5,75
2706,260,5,45
2707,262,5,25
2708,263,5,40
2709,264,5,75
2710,265,5,55
2711,266,5,60
2712,267,5,60
2713,268,5,70
2714,269,5,100
2715,271,5,100
2716,272,5,100
2717,273,5,100
2718,274,5,15
2719,275,5,50
2720,276,5,5
2721,277,5,35
2722,278,5,50
2723,280,5,25
2724,281,5,45
2725,282,5,65
2726,283,5,10
2727,284,5,100
2728,285,5,75
2729,287,5,95
2730,288,5,40
2731,290,5,25
2732,291,5,100
2733,292,5,25
2734,293,5,55
2735,294,5,50
2736,295,5,75
2737,298,5,35
2738,299,5,90
2739,300,5,35
2740,301,5,15
2741,302,5,35
2742,304,5,40
2743,306,5,85
2744,307,5,25
2745,308,5,55
2746,309,5,45
2747,310,5,45
2748,311,5,50
2749,312,5,35
2750,313,5,65
2751,316,5,20
2752,317,5,70
2753,318,5,35
2754,319,5,25
2755,321,5,35
2756,322,5,25
2757,323,5,10
2758,325,5,60
2759,326,5,85
2760,327,5,90
2761,328,5,85
2762,330,5,20
2763,331,5,50
2764,332,5,25
2765,334,5,60
2766,335,5,50
2767,336,5,95
2768,337,5,30
2769,338,5,60
2770,339,5,80
2771,340,5,15
2772,341,5,55
2773,342,5,65
2774,343,5,65
2775,344,5,25
2776,345,5,35
2777,347,5,25
2778,348,5,100
2779,349,5,55
2780,350,5,100
2781,351,5,20
2782,352,5,50
2783,353,5,20
2784,355,5,35
2785,356,5,60
2786,357,5,25
2787,358,5,75
2788,360,5,100
2789,361,5,70
2790,364,5,20
2791,365,5,35
2792,367,5,25
2793,368,5,25
2794,369,5,20
2795,370,5,35
2796,371,5,100
2797,375,5,45
2798,376,5,25
2799,377,5,10
2800,379,5,10
2801,381,5,35
2802,382,5,15
2803,383,5,30
2804,384,5,25
2805,385,5,40
2806,386,5,45
2807,387,5,20
2808,388,5,35
2809,389,5,50
2810,391,5,60
2811,392,5,70
2812,393,5,25
2813,394,5,25
2814,395,5,15
2815,396,5,25
2816,397,5,95
2817,398,5,100
2818,399,5,35
2819,400,5,15
2820,402,5,75
2821,403,5,50
2822,404,5,25
2823,405,5,35
2824,407,5,65
2825,408,5,25
2826,410,5,100
2827,412,5,35
2828,413,5,80
2829,414,5,45
2830,415,5,15
2831,416,5,15
2832,418,5,50
2833,419,5,25
2834,420,5,35
2835,421,5,25
2836,422,5,25
2837,423,5,35
2838,424,5,100
2839,425,5,30
2840,426,5,60
2841,427,5,55
2842,428,5,50
2843,429,5,30
2844,430,5,85
2845,431,5,30
2846,433,5,45
2847,434,5,85
2848,435,5,50
2849,436,5,60
2850,437,5,35
2851,438,5,30
2852,439,5,25
2853,440,5,70
2854,441,5,100
2855,442,5,50
2856,443,5,10
2857,444,5,35
2858,445,5,25
2859,446,5,35
2860,447,5,95
2861,448,5,50
2862,450,5,35
2863,451,5,85
2864,452,5,15
2865,453,5,15
2866,454,5,35
2867,455,5,15
2868,456,5,35
2869,457,5,15
2870,458,5,35
2871,459,5,80
2872,460,5,25
2873,461,5,70
2874,463,5,50
2875,464,5,15
2876,465,5,50
2877,466,5,30
2878,467,5,50
2879,469,5,25
2880,470,5,60
2881,471,5,20
2882,472,5,15
2883,473,5,20
2884,474,5,100
2885,475,5,50
2886,476,5,35
2887,477,5,40
2888,478,5,25
2889,479,5,85
2890,481,5,70
2891,482,5,35
2892,483,5,25
2893,484,5,100
2894,485,5,35
2895,486,5,25
2896,487,5,50
2897,488,5,35
2898,489,5,40
2899,490,5,15
2900,491,5,10
2901,492,5,35
2902,493,5,25
2903,494,5,25
2904,495,5,20
2905,496,5,25
2906,498,5,45
2907,499,5,50
2908,500,5,75
2909,502,5,15
2910,503,5,10
2911,504,5,25
2912,505,5,50
2913,506,5,35
2914,507,5,35
2915,508,5,10
2916,509,5,40
2917,510,5,85
2918,511,5,75
2919,513,5,70
2920,514,5,35
2921,515,5,50
2922,517,5,95
2923,518,5,100
2924,519,5,35
2925,520,5,25
2926,521,5,60
2927,523,5,35
2928,524,5,20
2929,525,5,25
2930,528,5,70
2931,529,5,15
2932,530,5,100
2933,531,5,35
2934,532,5,25
2935,533,5,25
2936,534,5,85
2937,535,5,25
2938,537,5,25
2939,538,5,25
2940,539,5,30
2941,540,5,45
2942,541,5,100
2943,542,5,40
2944,543,5,25
2945,544,5,15
2946,545,5,100
2947,546,5,25
2948,547,5,25
2949,548,5,25
2950,549,5,10
2951,550,5,15
2952,551,5,20
2953,552,5,50
2954,554,5,30
2955,555,5,100
2956,556,5,15
2957,557,5,35
2958,558,5,10
2959,560,5,50
2960,561,5,30
2961,562,5,95
2962,563,5,80
2963,565,5,25
2964,566,5,50
2965,567,5,25
2966,568,5,30
2967,569,5,15
2968,574,5,25
2969,575,5,45
2970,576,5,25
2971,577,5,15
2972,578,5,10
2973,580,5,30
2974,581,5,30
2975,582,5,30
2976,583,5,35
2977,584,5,25
2978,585,5,15
2979,586,5,25
2980,587,5,15
2981,589,5,30
2982,590,5,40
2983,591,5,15
2984,592,5,50
2985,593,5,25
2986,594,5,50
2987,595,5,35
2988,596,5,55
2989,597,5,15
2990,598,5,60
2991,599,5,60
2992,600,5,30
2993,601,5,45
2994,602,5,60
2995,603,5,15
2996,604,5,100
2997,606,5,30
2998,607,5,70
2999,608,5,25
3000,609,5,30
3001,610,5,45
3002,611,5,90
3003,612,5,45
3004,614,5,25
3005,615,5,25
3006,616,5,25
3007,618,5,70
3008,619,5,75
3009,621,5,70
3010,622,5,100
3011,623,5,35
3012,625,5,55
3013,626,5,80
3014,628,5,50
3015,629,5,30
3016,631,5,30
3017,632,5,25
3018,633,5,15
3019,634,5,30
3020,635,5,35
3021,636,5,50
3022,637,5,100
3023,640,5,35
3024,641,5,70
3025,642,5,60
3026,643,5,65
3027,644,5,70
3028,646,5,45
3029,648,5,30
3030,650,5,20
3031,653,5,35
3032,654,5,100
3033,655,5,35
3034,656,5,50
3035,657,5,45
3036,658,5,55
3037,659,5,55
3038,660,5,85
3039,661,5,50
3040,662,5,10
3041,663,5,35
3042,664,5,85
3043,665,5,100
3044,666,5,100
3045,667,5,100
3046,668,5,60
3047,669,5,25
3048,670,5,50
3049,671,5,15
3050,672,5,25
3051,673,5,35
3052,674,5,20
3053,675,5,25
3054,676,5,30
3055,677,5,50
3056,678,5,45
3057,679,5,35
3058,680,5,35
3059,682,5,20
3060,683,5,100
3061,684,5,25
3062,685,5,85
3063,686,5,70
3064,687,5,30
3065,690,5,70
3066,691,5,35
3067,692,5,50
3068,693,5,55
3069,694,5,25
3070,696,5,60
3071,698,5,65
3072,700,5,85
3073,701,5,25
3074,702,5,50
3075,703,5,15
3076,704,5,35
3077,706,5,25
3078,709,5,75
3079,710,5,75
3080,711,5,95
3081,712,5,65
3082,713,5,50
3083,714,5,35
3084,715,5,65
3085,717,5,20
3086,719,5,55
3087,720,5,25
3088,721,5,15
3089,724,5,50
3090,725,5,75
3091,726,5,45
3092,727,5,10
3093,728,5,65
3094,730,5,80
3095,731,5,25
3096,732,5,50
3097,733,5,60
3098,734,5,70
3099,735,5,65
3100,736,5,35
3101,737,5,45
3102,738,5,25
3103,741,5,35
3104,742,5,50
3105,743,5,25
3106,744,5,55
3107,745,5,80
3108,747,5,15
3109,748,5,45
3110,749,5,55
3111,752,5,35
3112,753,5,30
3113,754,5,35
3114,756,5,100
3115,1,6,45
3116,2,6,20
3117,3,6,35
3118,4,6,55
3119,5,6,55
3120,6,6,85
3121,8,6,15
3122,9,6,35
3123,10,6,45
3124,11,6,15
3125,12,6,40
3126,13,6,100
3127,16,6,45
3128,17,6,40
3129,18,6,20
3130,19,6,45
3131,21,6,85
3132,22,6,35
3133,23,6,30
3134,24,6,60
3135,26,6,25
3136,27,6,30
3137,28,6,100
3138,29,6,50
3139,30,6,50
3140,31,6,25
3141,32,6,20
3142,34,6,55
3143,35,6,65
3144,36,6,35
3145,37,6,15
3146,38,6,45
3147,39,6,80
3148,40,6,50
3149,41,6,60
3150,42,6,25
3151,43,6,100
3152,45,6,35
3153,44,6,75
3154,46,6,15
3155,47,6,15
3156,48,6,60
3157,51,6,25
3158,53,6,25
3159,50,6,45
3160,52,6,45
3161,54,6,75
3162,55,6,25
3163,56,6,35
3164,58,6,55
3165,59,6,100
3166,60,6,50
3167,61,6,20
3168,62,6,95
3169,63,6,35
3170,64,6,25
3171,65,6,60
3172,66,6,25
3173,67,6,50
3174,68,6,35
3175,69,6,70
3176,70,6,30
3177,72,6,25
3178,73,6,30
3179,75,6,30
3180,74,6,35
3181,76,6,35
3182,79,6,40
3183,80,6,50
3184,81,6,65
3185,82,6,100
3186,83,6,35
3187,84,6,100
3188,85,6,60
3189,86,6,80
3190,87,6,15
3191,88,6,25
3192,89,6,35
3193,91,6,100
3194,92,6,35
3195,93,6,35
3196,96,6,70
3197,97,6,25
3198,98,6,100
3199,100,6,95
3200,101,6,100
3201,102,6,35
3202,103,6,35
3203,104,6,35
3204,105,6,100
3205,107,6,10
3206,108,6,55
3207,109,6,35
3208,110,6,50
3209,111,6,30
3210,113,6,80
3211,114,6,45
3212,115,6,35
3213,116,6,10
3214,117,6,40
3215,120,6,20
3216,121,6,60
3217,122,6,30
3218,123,6,25
3219,124,6,35
3220,125,6,50
3221,126,6,65
3222,127,6,80
3223,128,6,55
3224,129,6,60
3225,130,6,40
3226,132,6,80
3227,133,6,15
3228,135,6,45
3229,138,6,25
3230,139,6,65
3231,140,6,25
3232,141,6,50
3233,143,6,25
3234,144,6,45
3235,145,6,25
3236,146,6,25
3237,148,6,10
3238,149,6,25
3239,150,6,25
3240,151,6,25
3241,153,6,40
3242,154,6,85
3243,155,6,50
3244,156,6,20
3245,157,6,75
3246,158,6,85
3247,159,6,85
3248,162,6,30
3249,164,6,75
3250,165,6,95
3251,167,6,80
3252,169,6,35
3253,171,6,55
3254,172,6,70
3255,173,6,20
3256,175,6,20
3257,176,6,25
3258,177,6,45
3259,178,6,45
3260,179,6,90
3261,180,6,25
3262,183,6,35
3263,184,6,15
3264,185,6,45
3265,186,6,50
3266,187,6,20
3267,188,6,60
3268,191,6,35
3269,192,6,25
3270,193,6,45
3271,194,6,10
3272,195,6,40
3273,196,6,60
3274,197,6,15
3275,199,6,75
3276,200,6,45
3277,201,6,95
3278,202,6,25
3279,203,6,40
3280,204,6,35
3281,206,6,10
3282,208,6,35
3283,209,6,25
3284,210,6,85
3285,212,6,35
3286,213,6,50
3287,214,6,35
3288,215,6,95
3289,216,6,25
3290,217,6,35
3291,218,6,35
3292,220,6,25
3293,221,6,30
3294,222,6,35
3295,223,6,45
3296,224,6,60
3297,225,6,25
3298,226,6,15
3299,227,6,35
3300,228,6,20
3301,229,6,55
3302,230,6,25
3303,231,6,35
3304,232,6,15
3305,233,6,30
3306,234,6,50
3307,235,6,85
3308,236,6,70
3309,237,6,60
3310,238,6,85
3311,239,6,45
3312,240,6,25
3313,241,6,85
3314,242,6,35
3315,243,6,50
3316,244,6,30
3317,245,6,15
3318,246,6,35
3319,247,6,35
3320,248,6,25
3321,249,6,85
3322,252,6,20
3323,253,6,50
3324,254,6,35
3325,255,6,30
3326,257,6,50
3327,258,6,85
3328,259,6,75
3329,260,6,45
3330,262,6,25
3331,263,6,40
3332,264,6,75
3333,265,6,55
3334,266,6,60
3335,267,6,60
3336,268,6,70
3337,269,6,100
3338,271,6,100
3339,272,6,100
3340,273,6,100
3341,274,6,15
3342,275,6,50
3343,276,6,5
3344,277,6,35
3345,278,6,50
3346,280,6,25
3347,281,6,45
3348,282,6,65
3349,283,6,10
3350,284,6,100
3351,285,6,75
3352,287,6,95
3353,288,6,40
3354,290,6,25
3355,291,6,100
3356,292,6,25
3357,293,6,55
3358,294,6,50
3359,295,6,75
3360,298,6,35
3361,299,6,90
3362,300,6,35
3363,301,6,15
3364,302,6,35
3365,304,6,40
3366,306,6,85
3367,307,6,25
3368,308,6,55
3369,309,6,45
3370,310,6,45
3371,311,6,50
3372,312,6,35
3373,313,6,65
3374,316,6,20
3375,317,6,70
3376,318,6,35
3377,319,6,25
3378,321,6,35
3379,322,6,25
3380,323,6,10
3381,325,6,60
3382,326,6,85
3383,327,6,90
3384,328,6,85
3385,330,6,20
3386,331,6,50
3387,332,6,25
3388,334,6,60
3389,335,6,50
3390,336,6,95
3391,337,6,30
3392,338,6,60
3393,339,6,80
3394,340,6,15
3395,341,6,55
3396,342,6,65
3397,343,6,65
3398,344,6,25
3399,345,6,35
3400,347,6,25
3401,348,6,100
3402,349,6,55
3403,350,6,100
3404,351,6,20
3405,352,6,50
3406,353,6,20
3407,355,6,35
3408,356,6,60
3409,357,6,25
3410,358,6,75
3411,360,6,100
3412,361,6,70
3413,364,6,20
3414,365,6,35
3415,367,6,25
3416,368,6,25
3417,369,6,20
3418,370,6,35
3419,371,6,100
3420,375,6,45
3421,376,6,25
3422,377,6,10
3423,379,6,10
3424,381,6,35
3425,382,6,15
3426,383,6,30
3427,384,6,25
3428,385,6,40
3429,386,6,45
3430,387,6,20
3431,388,6,35
3432,389,6,50
3433,391,6,60
3434,392,6,70
3435,393,6,25
3436,394,6,25
3437,395,6,15
3438,396,6,25
3439,397,6,95
3440,398,6,100
3441,399,6,35
3442,400,6,15
3443,402,6,75
3444,403,6,50
3445,404,6,25
3446,405,6,35
3447,407,6,65
3448,408,6,25
3449,410,6,100
3450,412,6,35
3451,413,6,80
3452,414,6,45
3453,415,6,15
3454,416,6,15
3455,418,6,50
3456,419,6,25
3457,420,6,35
3458,421,6,25
3459,422,6,25
3460,423,6,35
3461,424,6,100
3462,425,6,30
3463,426,6,60
3464,427,6,55
3465,428,6,50
3466,429,6,30
3467,430,6,85
3468,431,6,30
3469,433,6,45
3470,434,6,85
3471,435,6,50
3472,436,6,60
3473,437,6,35
3474,438,6,30
3475,439,6,25
3476,440,6,70
3477,441,6,100
3478,442,6,50
3479,443,6,10
3480,444,6,35
3481,445,6,25
3482,446,6,35
3483,447,6,95
3484,448,6,50
3485,450,6,35
3486,451,6,85
3487,452,6,15
3488,453,6,15
3489,454,6,35
3490,455,6,15
3491,456,6,35
3492,457,6,15
3493,458,6,35
3494,459,6,80
3495,460,6,25
3496,461,6,70
3497,463,6,50
3498,464,6,15
3499,465,6,50
3500,466,6,30
3501,467,6,50
3502,469,6,25
3503,470,6,60
3504,471,6,20
3505,472,6,15
3506,473,6,20
3507,474,6,100
3508,475,6,50
3509,476,6,35
3510,477,6,40
3511,478,6,25
3512,479,6,85
3513,481,6,70
3514,482,6,35
3515,483,6,25
3516,484,6,100
3517,485,6,35
3518,486,6,25
3519,487,6,50
3520,488,6,35
3521,489,6,40
3522,490,6,15
3523,491,6,10
3524,492,6,35
3525,493,6,25
3526,494,6,25
3527,495,6,20
3528,496,6,25
3529,498,6,45
3530,499,6,50
3531,500,6,75
3532,502,6,15
3533,503,6,10
3534,504,6,25
3535,505,6,50
3536,506,6,35
3537,507,6,35
3538,508,6,10
3539,509,6,40
3540,510,6,85
3541,511,6,75
3542,513,6,70
3543,514,6,35
3544,515,6,50
3545,517,6,95
3546,518,6,100
3547,519,6,35
3548,520,6,25
3549,521,6,60
3550,523,6,35
3551,524,6,20
3552,525,6,25
3553,528,6,70
3554,529,6,15
3555,530,6,100
3556,531,6,35
3557,532,6,25
3558,533,6,25
3559,534,6,85
3560,535,6,25
3561,537,6,25
3562,538,6,25
3563,539,6,30
3564,540,6,45
3565,541,6,100
3566,542,6,40
3567,543,6,25
3568,544,6,15
3569,545,6,100
3570,546,6,25
3571,547,6,25
3572,548,6,25
3573,549,6,10
3574,550,6,15
3575,551,6,20
3576,552,6,50
3577,554,6,30
3578,555,6,100
3579,556,6,15
3580,557,6,35
3581,558,6,10
3582,560,6,50
3583,561,6,30
3584,562,6,95
3585,563,6,80
3586,565,6,25
3587,566,6,50
3588,567,6,25
3589,568,6,30
3590,569,6,15
3591,574,6,25
3592,575,6,45
3593,576,6,25
3594,577,6,15
3595,578,6,10
3596,580,6,30
3597,581,6,30
3598,582,6,30
3599,583,6,35
3600,584,6,25
3601,585,6,15
3602,586,6,25
3603,587,6,15
3604,589,6,30
3605,590,6,40
3606,591,6,15
3607,592,6,50
3608,593,6,25
3609,594,6,50
3610,595,6,35
3611,596,6,55
3612,597,6,15
3613,598,6,60
3614,599,6,60
3615,600,6,30
3616,601,6,45
3617,602,6,60
3618,603,6,15
3619,604,6,100
3620,606,6,30
3621,607,6,70
3622,608,6,25
3623,609,6,30
3624,610,6,45
3625,611,6,90
3626,612,6,45
3627,614,6,25
3628,615,6,25
3629,616,6,25
3630,618,6,70
3631,619,6,75
3632,621,6,70
3633,622,6,100
3634,623,6,35
3635,625,6,55
3636,626,6,80
3637,628,6,50
3638,629,6,30
3639,631,6,30
3640,632,6,25
3641,633,6,15
3642,634,6,30
3643,635,6,35
3644,636,6,50
3645,637,6,100
3646,640,6,35
3647,641,6,70
3648,642,6,60
3649,643,6,65
3650,644,6,70
3651,646,6,45
3652,648,6,30
3653,650,6,20
3654,653,6,35
3655,654,6,100
3656,655,6,35
3657,656,6,50
3658,657,6,45
3659,658,6,55
3660,659,6,55
3661,660,6,85
3662,661,6,50
3663,662,6,10
3664,663,6,35
3665,664,6,85
3666,665,6,100
3667,666,6,100
3668,667,6,100
3669,668,6,60
3670,669,6,25
3671,670,6,50
3672,671,6,15
3673,672,6,25
3674,673,6,35
3675,674,6,20
3676,675,6,25
3677,676,6,30
3678,677,6,50
3679,678,6,45
3680,679,6,35
3681,680,6,35
3682,682,6,20
3683,683,6,100
3684,684,6,25
3685,685,6,85
3686,686,6,70
3687,687,6,30
3688,690,6,70
3689,691,6,35
3690,692,6,50
3691,693,6,55
3692,694,6,25
3693,696,6,60
3694,698,6,65
3695,700,6,85
3696,701,6,25
3697,702,6,50
3698,703,6,15
3699,704,6,35
3700,706,6,25
3701,709,6,75
3702,710,6,75
3703,711,6,95
3704,712,6,65
3705,713,6,50
3706,714,6,35
3707,715,6,65
3708,717,6,20
3709,719,6,55
3710,720,6,25
3711,721,6,15
3712,724,6,50
3713,725,6,75
3714,726,6,45
3715,727,6,10
3716,728,6,65
3717,730,6,80
3718,731,6,25
3719,732,6,50
3720,733,6,60
3721,734,6,70
3722,735,6,65
3723,736,6,35
3724,737,6,45
3725,738,6,25
3726,741,6,35
3727,742,6,50
3728,743,6,25
3729,744,6,55
3730,745,6,80
3731,747,6,15
3732,748,6,45
3733,749,6,55
3734,752,6,35
3735,753,6,30
3736,754,6,35
3737,756,6,100
